// Auto_Air button image -- converted from data/Auto_Air.png
// LVGL 8.x, LV_IMG_CF_TRUE_COLOR_ALPHA (RGB565 + alpha, 3 bytes/pixel)
// Resolution: 130x60

#include "ui.h"

#ifndef LV_ATTRIBUTE_MEM_ALIGN
    #define LV_ATTRIBUTE_MEM_ALIGN
#endif

const LV_ATTRIBUTE_MEM_ALIGN uint8_t ui_img_auto_air_png_data[] = {
    0xFF,0xFF,0xFF,0xFF,0xFF,0xFF,0x9E,0xEF,0xFF,0xD7,0x64,0xFF,0x79,0x85,0xFF,0x3D,0xDF,0xFF,0x9E,0xEF,0xFF,0x9E,0xEF,0xFF,0x9E,0xEF,0xFF,0x9E,0xEF,0xFF,0x9E,0xEF,0xFF,0x9E,0xEF,0xFF,0x9E,0xEF,0xFF,0x9E,0xEF,0xFF,0x9E,0xEF,0xFF,0x9E,0xEF,0xFF,
    0x9E,0xEF,0xFF,0x9E,0xEF,0xFF,0x9E,0xEF,0xFF,0x9E,0xEF,0xFF,0x9E,0xEF,0xFF,0x9E,0xEF,0xFF,0x9E,0xEF,0xFF,0x9E,0xEF,0xFF,0x9E,0xEF,0xFF,0x9E,0xEF,0xFF,0x9E,0xEF,0xFF,0x9E,0xEF,0xFF,0x9E,0xEF,0xFF,0x9E,0xEF,0xFF,0x9E,0xEF,0xFF,0x9E,0xEF,0xFF,
    0x9E,0xEF,0xFF,0x9E,0xEF,0xFF,0x9E,0xEF,0xFF,0x9E,0xEF,0xFF,0x9E,0xEF,0xFF,0x9E,0xEF,0xFF,0x9E,0xEF,0xFF,0x9E,0xEF,0xFF,0x9E,0xEF,0xFF,0x9E,0xEF,0xFF,0x9E,0xEF,0xFF,0x9E,0xEF,0xFF,0x9E,0xEF,0xFF,0x9E,0xEF,0xFF,0x9E,0xEF,0xFF,0x9E,0xEF,0xFF,
    0x9E,0xEF,0xFF,0x9E,0xEF,0xFF,0x9E,0xEF,0xFF,0x9E,0xEF,0xFF,0x9E,0xEF,0xFF,0x9E,0xEF,0xFF,0x9E,0xEF,0xFF,0x9E,0xEF,0xFF,0x9E,0xEF,0xFF,0x9E,0xEF,0xFF,0x9E,0xEF,0xFF,0x9E,0xEF,0xFF,0x9E,0xEF,0xFF,0x9E,0xEF,0xFF,0x9E,0xEF,0xFF,0x9E,0xEF,0xFF,
    0x9E,0xEF,0xFF,0x9E,0xEF,0xFF,0x9E,0xEF,0xFF,0x9E,0xEF,0xFF,0x9E,0xEF,0xFF,0x9E,0xEF,0xFF,0x9E,0xEF,0xFF,0x9E,0xEF,0xFF,0x9E,0xEF,0xFF,0x9E,0xEF,0xFF,0x9E,0xEF,0xFF,0x9E,0xEF,0xFF,0x9E,0xEF,0xFF,0x9E,0xEF,0xFF,0x9E,0xEF,0xFF,0x9E,0xEF,0xFF,
    0x9E,0xEF,0xFF,0x9E,0xEF,0xFF,0x9E,0xEF,0xFF,0x9E,0xEF,0xFF,0x9E,0xEF,0xFF,0x9E,0xEF,0xFF,0x9E,0xEF,0xFF,0x9E,0xEF,0xFF,0x9E,0xEF,0xFF,0x9E,0xEF,0xFF,0x9E,0xEF,0xFF,0x9E,0xEF,0xFF,0x9E,0xEF,0xFF,0x9E,0xEF,0xFF,0x9E,0xEF,0xFF,0x9E,0xEF,0xFF,
    0x9E,0xEF,0xFF,0x9E,0xEF,0xFF,0x9E,0xEF,0xFF,0x9E,0xEF,0xFF,0x9E,0xEF,0xFF,0x9E,0xEF,0xFF,0x9E,0xEF,0xFF,0x9E,0xEF,0xFF,0x9E,0xEF,0xFF,0x9E,0xEF,0xFF,0x9E,0xEF,0xFF,0x9E,0xEF,0xFF,0x9E,0xEF,0xFF,0x9E,0xEF,0xFF,0x9E,0xEF,0xFF,0x9E,0xEF,0xFF,
    0x9E,0xEF,0xFF,0x9E,0xEF,0xFF,0x9E,0xEF,0xFF,0x9E,0xEF,0xFF,0x9E,0xEF,0xFF,0x9E,0xEF,0xFF,0x9E,0xEF,0xFF,0x9E,0xEF,0xFF,0x9E,0xEF,0xFF,0x9E,0xEF,0xFF,0x9E,0xEF,0xFF,0x9E,0xEF,0xFF,0x9E,0xEF,0xFF,0x9C,0xBE,0xFF,0xB7,0x5C,0xFF,0x1A,0x9E,0xFF,
    0xFF,0xFF,0xFF,0xFF,0xFF,0xFF,0xFF,0xFF,0xFF,0xBF,0xEF,0xFF,0xD7,0x64,0xFF,0xDC,0xC6,0xFF,0xFF,0xFF,0xFF,0xBC,0xBE,0xFF,0x3B,0xA6,0xFF,0x5B,0xAE,0xFF,0x5B,0xAE,0xFF,0x5B,0xA6,0xFF,0x5B,0xAE,0xFF,0x5B,0xAE,0xFF,0x5B,0xAE,0xFF,0x5B,0xAE,0xFF,
    0x5B,0xAE,0xFF,0x5B,0xAE,0xFF,0x5B,0xAE,0xFF,0x5B,0xAE,0xFF,0x5B,0xAE,0xFF,0x5B,0xAE,0xFF,0x5B,0xAE,0xFF,0x5B,0xAE,0xFF,0x5B,0xAE,0xFF,0x5B,0xAE,0xFF,0x5B,0xAE,0xFF,0x5B,0xAE,0xFF,0x5B,0xAE,0xFF,0x5B,0xAE,0xFF,0x5B,0xAE,0xFF,0x5B,0xAE,0xFF,
    0x5B,0xAE,0xFF,0x5B,0xAE,0xFF,0x5B,0xAE,0xFF,0x5B,0xAE,0xFF,0x5B,0xAE,0xFF,0x5B,0xAE,0xFF,0x5B,0xAE,0xFF,0x5B,0xAE,0xFF,0x5B,0xAE,0xFF,0x5B,0xAE,0xFF,0x5B,0xAE,0xFF,0x5B,0xAE,0xFF,0x5B,0xAE,0xFF,0x5B,0xAE,0xFF,0x5B,0xAE,0xFF,0x5B,0xAE,0xFF,
    0x5B,0xAE,0xFF,0x5B,0xAE,0xFF,0x5B,0xAE,0xFF,0x5B,0xA6,0xFF,0x5B,0xAE,0xFF,0x5B,0xAE,0xFF,0x5B,0xA6,0xFF,0x5B,0xA6,0xFF,0x5B,0xAE,0xFF,0x5B,0xAE,0xFF,0x5B,0xAE,0xFF,0x5B,0xAE,0xFF,0x5B,0xAE,0xFF,0x5B,0xAE,0xFF,0x5B,0xAE,0xFF,0x5B,0xAE,0xFF,
    0x5B,0xAE,0xFF,0x5B,0xAE,0xFF,0x5B,0xAE,0xFF,0x5B,0xAE,0xFF,0x5B,0xAE,0xFF,0x5B,0xAE,0xFF,0x5B,0xAE,0xFF,0x5B,0xAE,0xFF,0x5B,0xAE,0xFF,0x5B,0xAE,0xFF,0x5B,0xAE,0xFF,0x5B,0xAE,0xFF,0x5B,0xAE,0xFF,0x5B,0xAE,0xFF,0x5B,0xAE,0xFF,0x5B,0xAE,0xFF,
    0x5B,0xAE,0xFF,0x5B,0xAE,0xFF,0x5B,0xAE,0xFF,0x5B,0xAE,0xFF,0x5B,0xA6,0xFF,0x5B,0xAE,0xFF,0x5B,0xAE,0xFF,0x5B,0xAE,0xFF,0x5B,0xAE,0xFF,0x5B,0xAE,0xFF,0x5B,0xAE,0xFF,0x5B,0xAE,0xFF,0x5B,0xAE,0xFF,0x5B,0xAE,0xFF,0x5B,0xAE,0xFF,0x5B,0xAE,0xFF,
    0x5B,0xAE,0xFF,0x5B,0xAE,0xFF,0x5B,0xAE,0xFF,0x5B,0xAE,0xFF,0x5B,0xAE,0xFF,0x5B,0xAE,0xFF,0x5B,0xAE,0xFF,0x5B,0xAE,0xFF,0x5B,0xAE,0xFF,0x5B,0xAE,0xFF,0x5B,0xAE,0xFF,0x5B,0xA6,0xFF,0x5B,0xAE,0xFF,0x5B,0xA6,0xFF,0x5B,0xAE,0xFF,0x5B,0xAE,0xFF,
    0x5B,0xAE,0xFF,0x5B,0xA6,0xFF,0x5B,0xAE,0xFF,0x5B,0xAE,0xFF,0x5B,0xAE,0xFF,0x5B,0xAE,0xFF,0x5B,0xAE,0xFF,0x5B,0xAE,0xFF,0x5B,0xAE,0xFF,0x5B,0xAE,0xFF,0x5B,0xA6,0xFF,0x5B,0xAE,0xFF,0x5B,0xAE,0xFF,0x5B,0xAE,0xFF,0x5B,0xAE,0xFF,0x3D,0xD7,0xFF,
    0xFF,0xFF,0xFF,0x79,0x7D,0xFF,0x1A,0x9E,0xFF,0xFF,0xFF,0xFF,0xFF,0xFF,0xFF,0x58,0x7D,0xFF,0xDC,0xC6,0xFF,0x3D,0xDF,0xFF,0xF5,0x33,0xFF,0x54,0x13,0xFF,0x55,0x13,0xFF,0x34,0x13,0xFF,0x34,0x0B,0xFF,0x34,0x0B,0xFF,0x34,0x0B,0xFF,0x34,0x0B,0xFF,
    0x34,0x0B,0xFF,0x34,0x0B,0xFF,0x34,0x13,0xFF,0x34,0x0B,0xFF,0x34,0x0B,0xFF,0x34,0x0B,0xFF,0x34,0x0B,0xFF,0x34,0x0B,0xFF,0x34,0x0B,0xFF,0x34,0x0B,0xFF,0x34,0x0B,0xFF,0x34,0x0B,0xFF,0x34,0x0B,0xFF,0x34,0x0B,0xFF,0x34,0x0B,0xFF,0x35,0x0B,0xFF,
    0x35,0x0B,0xFF,0x34,0x0B,0xFF,0x34,0x0B,0xFF,0x34,0x0B,0xFF,0x34,0x0B,0xFF,0x34,0x0B,0xFF,0x34,0x0B,0xFF,0x34,0x0B,0xFF,0x34,0x0B,0xFF,0x34,0x0B,0xFF,0x34,0x0B,0xFF,0x34,0x0B,0xFF,0x34,0x0B,0xFF,0x34,0x0B,0xFF,0x34,0x0B,0xFF,0x34,0x0B,0xFF,
    0x34,0x0B,0xFF,0x34,0x0B,0xFF,0x34,0x0B,0xFF,0x34,0x0B,0xFF,0x34,0x0B,0xFF,0x34,0x0B,0xFF,0x34,0x0B,0xFF,0x34,0x0B,0xFF,0x34,0x0B,0xFF,0x34,0x0B,0xFF,0x34,0x0B,0xFF,0x34,0x0B,0xFF,0x34,0x0B,0xFF,0x34,0x0B,0xFF,0x34,0x0B,0xFF,0x34,0x0B,0xFF,
    0x34,0x0B,0xFF,0x34,0x0B,0xFF,0x34,0x0B,0xFF,0x34,0x0B,0xFF,0x34,0x0B,0xFF,0x34,0x0B,0xFF,0x34,0x0B,0xFF,0x34,0x0B,0xFF,0x34,0x0B,0xFF,0x34,0x0B,0xFF,0x34,0x0B,0xFF,0x34,0x0B,0xFF,0x34,0x0B,0xFF,0x34,0x0B,0xFF,0x34,0x0B,0xFF,0x34,0x0B,0xFF,
    0x34,0x0B,0xFF,0x34,0x0B,0xFF,0x34,0x0B,0xFF,0x34,0x0B,0xFF,0x34,0x0B,0xFF,0x34,0x0B,0xFF,0x34,0x0B,0xFF,0x34,0x0B,0xFF,0x34,0x0B,0xFF,0x34,0x0B,0xFF,0x35,0x0B,0xFF,0x35,0x0B,0xFF,0x34,0x0B,0xFF,0x35,0x0B,0xFF,0x35,0x0B,0xFF,0x34,0x0B,0xFF,
    0x34,0x0B,0xFF,0x34,0x0B,0xFF,0x34,0x0B,0xFF,0x34,0x0B,0xFF,0x34,0x0B,0xFF,0x34,0x0B,0xFF,0x34,0x0B,0xFF,0x34,0x0B,0xFF,0x34,0x0B,0xFF,0x34,0x0B,0xFF,0x34,0x0B,0xFF,0x34,0x0B,0xFF,0x34,0x0B,0xFF,0x34,0x0B,0xFF,0x34,0x0B,0xFF,0x34,0x0B,0xFF,
    0x34,0x0B,0xFF,0x34,0x0B,0xFF,0x34,0x0B,0xFF,0x34,0x0B,0xFF,0x34,0x0B,0xFF,0x34,0x0B,0xFF,0x34,0x0B,0xFF,0x34,0x0B,0xFF,0x34,0x0B,0xFF,0x35,0x0B,0xFF,0x35,0x0B,0xFF,0x34,0x0B,0xFF,0x34,0x0B,0xFF,0x34,0x0B,0xFF,0x34,0x0B,0xFF,0x35,0x13,0xFF,
    0x55,0x13,0xFF,0x54,0x13,0xFF,0x38,0x75,0xFF,0xFF,0xFF,0xFF,0x38,0x75,0xFF,0xDC,0xC6,0xFF,0xFD,0xCE,0xFF,0xB9,0x8D,0xFF,0xBF,0xF7,0xFF,0x95,0x23,0xFF,0x75,0x13,0xFF,0xB5,0x23,0xFF,0xB5,0x23,0xFF,0xB5,0x23,0xFF,0xB5,0x23,0xFF,0xB6,0x23,0xFF,
    0xB6,0x23,0xFF,0xB6,0x23,0xFF,0xB6,0x23,0xFF,0xB6,0x23,0xFF,0xB6,0x23,0xFF,0xB6,0x23,0xFF,0xB5,0x23,0xFF,0xB6,0x23,0xFF,0xB6,0x23,0xFF,0xB6,0x23,0xFF,0xB6,0x23,0xFF,0xB6,0x23,0xFF,0xB6,0x23,0xFF,0xB6,0x23,0xFF,0xB6,0x23,0xFF,0xB6,0x23,0xFF,
    0xB6,0x23,0xFF,0xB6,0x23,0xFF,0xB6,0x23,0xFF,0xB6,0x23,0xFF,0xB6,0x23,0xFF,0xB6,0x23,0xFF,0xB6,0x23,0xFF,0xB6,0x23,0xFF,0xB6,0x23,0xFF,0xB6,0x23,0xFF,0xB6,0x23,0xFF,0xB6,0x23,0xFF,0xB6,0x23,0xFF,0xB6,0x23,0xFF,0xB6,0x23,0xFF,0xB6,0x23,0xFF,
    0xB5,0x23,0xFF,0xB5,0x23,0xFF,0xB6,0x23,0xFF,0xB6,0x23,0xFF,0xB6,0x23,0xFF,0xB6,0x23,0xFF,0xB6,0x23,0xFF,0xB6,0x23,0xFF,0xB6,0x23,0xFF,0xB6,0x23,0xFF,0xB6,0x23,0xFF,0xB6,0x23,0xFF,0xB6,0x23,0xFF,0xB6,0x23,0xFF,0xB6,0x23,0xFF,0xB6,0x23,0xFF,
    0xB6,0x23,0xFF,0xB6,0x23,0xFF,0xB6,0x23,0xFF,0xB6,0x23,0xFF,0xB6,0x23,0xFF,0xB6,0x23,0xFF,0xB6,0x23,0xFF,0xB6,0x23,0xFF,0xB6,0x23,0xFF,0xB6,0x23,0xFF,0xB6,0x23,0xFF,0xB5,0x23,0xFF,0xB6,0x23,0xFF,0xB6,0x23,0xFF,0xB6,0x23,0xFF,0xB6,0x23,0xFF,
    0xB6,0x23,0xFF,0xB6,0x23,0xFF,0xB6,0x23,0xFF,0xB6,0x23,0xFF,0xB6,0x23,0xFF,0xB6,0x23,0xFF,0xB6,0x23,0xFF,0xB6,0x23,0xFF,0xB6,0x23,0xFF,0xB6,0x23,0xFF,0xB6,0x23,0xFF,0xB6,0x23,0xFF,0xB6,0x23,0xFF,0xB6,0x23,0xFF,0xB6,0x23,0xFF,0xB6,0x23,0xFF,
    0xB6,0x23,0xFF,0xB6,0x23,0xFF,0xB6,0x23,0xFF,0xB6,0x23,0xFF,0xB6,0x23,0xFF,0xB6,0x23,0xFF,0xB6,0x23,0xFF,0xB6,0x23,0xFF,0xB6,0x23,0xFF,0xB6,0x23,0xFF,0xB6,0x23,0xFF,0xB6,0x23,0xFF,0xB6,0x23,0xFF,0xB6,0x23,0xFF,0xB6,0x23,0xFF,0xB6,0x23,0xFF,
    0xB6,0x23,0xFF,0xB6,0x23,0xFF,0xB6,0x23,0xFF,0xB6,0x23,0xFF,0xB6,0x23,0xFF,0xB6,0x23,0xFF,0xB6,0x23,0xFF,0xB6,0x23,0xFF,0xB6,0x23,0xFF,0xB6,0x23,0xFF,0xB6,0x23,0xFF,0xB6,0x23,0xFF,0xB6,0x23,0xFF,0xB6,0x23,0xFF,0xB6,0x23,0xFF,0xB6,0x23,0xFF,
    0xB6,0x23,0xFF,0xB6,0x23,0xFF,0xB6,0x23,0xFF,0xB6,0x23,0xFF,0x34,0x0B,0xFF,0x59,0x7D,0xFF,0xBE,0xEF,0xFF,0x18,0x6D,0xFF,0x79,0x85,0xFF,0x5D,0xDF,0xFF,0x39,0x75,0xFF,0x54,0x13,0xFF,0xB6,0x23,0xFF,0x95,0x23,0xFF,0x95,0x23,0xFF,0xB5,0x23,0xFF,
    0x95,0x23,0xFF,0xB5,0x23,0xFF,0x95,0x23,0xFF,0x95,0x23,0xFF,0xB6,0x23,0xFF,0xB6,0x23,0xFF,0xB6,0x23,0xFF,0xB6,0x23,0xFF,0xB6,0x23,0xFF,0xB5,0x23,0xFF,0x95,0x23,0xFF,0xB6,0x23,0xFF,0xB6,0x23,0xFF,0x95,0x23,0xFF,0xB6,0x23,0xFF,0xB6,0x23,0xFF,
    0xB6,0x23,0xFF,0xB6,0x23,0xFF,0x95,0x23,0xFF,0x95,0x23,0xFF,0x95,0x23,0xFF,0x95,0x23,0xFF,0x95,0x23,0xFF,0x95,0x23,0xFF,0x95,0x23,0xFF,0x95,0x23,0xFF,0x95,0x23,0xFF,0x95,0x23,0xFF,0x95,0x23,0xFF,0x95,0x23,0xFF,0x95,0x23,0xFF,0x95,0x23,0xFF,
    0x95,0x23,0xFF,0x95,0x23,0xFF,0x95,0x23,0xFF,0x95,0x23,0xFF,0x95,0x23,0xFF,0x95,0x23,0xFF,0x95,0x23,0xFF,0xB6,0x23,0xFF,0x95,0x23,0xFF,0x95,0x23,0xFF,0x95,0x23,0xFF,0x95,0x23,0xFF,0x95,0x23,0xFF,0x95,0x23,0xFF,0x95,0x23,0xFF,0x95,0x23,0xFF,
    0x95,0x23,0xFF,0x95,0x23,0xFF,0xB6,0x23,0xFF,0x95,0x23,0xFF,0x95,0x23,0xFF,0x95,0x23,0xFF,0x95,0x23,0xFF,0xB5,0x23,0xFF,0x95,0x23,0xFF,0x95,0x23,0xFF,0x95,0x23,0xFF,0x95,0x23,0xFF,0x95,0x23,0xFF,0xB5,0x23,0xFF,0x95,0x23,0xFF,0xB6,0x23,0xFF,
    0x95,0x23,0xFF,0x95,0x23,0xFF,0x95,0x23,0xFF,0x95,0x23,0xFF,0xB6,0x23,0xFF,0xB6,0x23,0xFF,0xB6,0x23,0xFF,0x96,0x23,0xFF,0x95,0x23,0xFF,0x95,0x23,0xFF,0x95,0x23,0xFF,0xB6,0x23,0xFF,0x95,0x23,0xFF,0xB6,0x23,0xFF,0xB6,0x23,0xFF,0xB6,0x23,0xFF,
    0xB6,0x23,0xFF,0x95,0x23,0xFF,0x95,0x23,0xFF,0x95,0x23,0xFF,0x95,0x23,0xFF,0x95,0x23,0xFF,0x95,0x23,0xFF,0x95,0x23,0xFF,0x95,0x23,0xFF,0x95,0x23,0xFF,0xB6,0x23,0xFF,0xB6,0x23,0xFF,0x95,0x23,0xFF,0x95,0x23,0xFF,0x95,0x23,0xFF,0x95,0x23,0xFF,
    0xB5,0x23,0xFF,0xB6,0x23,0xFF,0x95,0x23,0xFF,0x95,0x23,0xFF,0x95,0x23,0xFF,0x95,0x23,0xFF,0x95,0x23,0xFF,0x95,0x23,0xFF,0x95,0x23,0xFF,0x95,0x23,0xFF,0x95,0x23,0xFF,0x95,0x23,0xFF,0xB6,0x23,0xFF,0xB6,0x23,0xFF,0xB6,0x23,0xFF,0xB6,0x23,0xFF,
    0xB6,0x23,0xFF,0x95,0x23,0xFF,0x95,0x23,0xFF,0x95,0x23,0xFF,0x95,0x23,0xFF,0x95,0x23,0xFF,0xB6,0x23,0xFF,0x54,0x13,0xFF,0x3D,0xD7,0xFF,0xFA,0x95,0xFF,0x58,0x7D,0xFF,0x7E,0xDF,0xFF,0xB5,0x2B,0xFF,0x95,0x23,0xFF,0xB6,0x23,0xFF,0xB5,0x23,0xFF,
    0x96,0x23,0xFF,0xB6,0x23,0xFF,0xB6,0x23,0xFF,0xB6,0x23,0xFF,0xB6,0x23,0xFF,0xB6,0x23,0xFF,0xB6,0x23,0xFF,0xB6,0x23,0xFF,0xB6,0x23,0xFF,0xB6,0x23,0xFF,0xB6,0x23,0xFF,0xB6,0x23,0xFF,0xB6,0x23,0xFF,0xB6,0x23,0xFF,0xB6,0x23,0xFF,0x95,0x23,0xFF,
    0xB6,0x23,0xFF,0xB6,0x23,0xFF,0xB6,0x23,0xFF,0x96,0x23,0xFF,0x95,0x23,0xFF,0x95,0x23,0xFF,0x95,0x23,0xFF,0x95,0x23,0xFF,0x95,0x23,0xFF,0x95,0x23,0xFF,0x95,0x23,0xFF,0x95,0x23,0xFF,0x95,0x23,0xFF,0xB6,0x23,0xFF,0x95,0x23,0xFF,0x95,0x23,0xFF,
    0x95,0x23,0xFF,0x95,0x23,0xFF,0x95,0x23,0xFF,0x95,0x23,0xFF,0x95,0x23,0xFF,0x95,0x23,0xFF,0x95,0x23,0xFF,0x95,0x23,0xFF,0x95,0x23,0xFF,0xB6,0x23,0xFF,0x95,0x23,0xFF,0x95,0x23,0xFF,0x95,0x23,0xFF,0x95,0x23,0xFF,0x95,0x23,0xFF,0x96,0x23,0xFF,
    0x95,0x23,0xFF,0x95,0x23,0xFF,0x95,0x23,0xFF,0x95,0x23,0xFF,0x95,0x23,0xFF,0x95,0x23,0xFF,0x95,0x23,0xFF,0x95,0x23,0xFF,0x95,0x23,0xFF,0x95,0x23,0xFF,0x95,0x23,0xFF,0x95,0x23,0xFF,0x95,0x23,0xFF,0x95,0x23,0xFF,0x95,0x23,0xFF,0x95,0x23,0xFF,
    0x95,0x23,0xFF,0xB6,0x23,0xFF,0xB6,0x23,0xFF,0x95,0x23,0xFF,0x95,0x23,0xFF,0x95,0x23,0xFF,0x96,0x23,0xFF,0x95,0x23,0xFF,0x96,0x23,0xFF,0x96,0x23,0xFF,0x96,0x23,0xFF,0x95,0x23,0xFF,0xB6,0x23,0xFF,0x95,0x23,0xFF,0xB6,0x23,0xFF,0xB6,0x23,0xFF,
    0xB6,0x23,0xFF,0xB6,0x23,0xFF,0xB6,0x23,0xFF,0x95,0x23,0xFF,0x95,0x23,0xFF,0x95,0x23,0xFF,0x95,0x23,0xFF,0x95,0x23,0xFF,0x95,0x23,0xFF,0x95,0x23,0xFF,0x95,0x23,0xFF,0xB6,0x23,0xFF,0xB6,0x23,0xFF,0xB6,0x23,0xFF,0xB6,0x23,0xFF,0x95,0x23,0xFF,
    0x95,0x23,0xFF,0x95,0x23,0xFF,0xB6,0x23,0xFF,0xB6,0x23,0xFF,0x95,0x23,0xFF,0x95,0x23,0xFF,0x95,0x23,0xFF,0x95,0x23,0xFF,0x95,0x23,0xFF,0xB5,0x23,0xFF,0x95,0x23,0xFF,0x95,0x23,0xFF,0x95,0x23,0xFF,0x95,0x23,0xFF,0x95,0x23,0xFF,0xB6,0x23,0xFF,
    0xB6,0x23,0xFF,0xB6,0x23,0xFF,0xB5,0x23,0xFF,0x95,0x23,0xFF,0x95,0x23,0xFF,0x95,0x23,0xFF,0x95,0x23,0xFF,0x95,0x23,0xFF,0xB6,0x23,0xFF,0x55,0x13,0xFF,0x99,0x85,0xFF,0x5D,0xDF,0xFF,0xDA,0x95,0xFF,0xFD,0xCE,0xFF,0x54,0x13,0xFF,0xB5,0x23,0xFF,
    0xB6,0x23,0xFF,0xB6,0x23,0xFF,0xB6,0x23,0xFF,0x95,0x23,0xFF,0x95,0x23,0xFF,0xB6,0x23,0xFF,0x96,0x23,0xFF,0x95,0x23,0xFF,0xB5,0x23,0xFF,0xB6,0x23,0xFF,0x95,0x23,0xFF,0x95,0x23,0xFF,0xB6,0x23,0xFF,0xB5,0x23,0xFF,0x95,0x23,0xFF,0x96,0x23,0xFF,
    0xB6,0x23,0xFF,0x95,0x23,0xFF,0xB6,0x23,0xFF,0xB6,0x23,0xFF,0x96,0x23,0xFF,0x95,0x23,0xFF,0x95,0x23,0xFF,0x95,0x23,0xFF,0x95,0x23,0xFF,0x95,0x23,0xFF,0x95,0x23,0xFF,0x95,0x23,0xFF,0x95,0x23,0xFF,0x95,0x23,0xFF,0x95,0x23,0xFF,0x95,0x23,0xFF,
    0x95,0x23,0xFF,0x95,0x23,0xFF,0x95,0x23,0xFF,0x95,0x23,0xFF,0x95,0x23,0xFF,0x95,0x23,0xFF,0x95,0x23,0xFF,0x95,0x23,0xFF,0x95,0x23,0xFF,0x95,0x23,0xFF,0x95,0x23,0xFF,0x95,0x23,0xFF,0x96,0x23,0xFF,0x95,0x23,0xFF,0x95,0x23,0xFF,0x95,0x23,0xFF,
    0x95,0x23,0xFF,0x95,0x23,0xFF,0x95,0x23,0xFF,0x95,0x23,0xFF,0x95,0x23,0xFF,0x95,0x23,0xFF,0x95,0x23,0xFF,0x95,0x23,0xFF,0x95,0x23,0xFF,0x95,0x23,0xFF,0x95,0x23,0xFF,0x95,0x23,0xFF,0x95,0x23,0xFF,0x95,0x23,0xFF,0x95,0x23,0xFF,0x95,0x23,0xFF,
    0x95,0x23,0xFF,0x95,0x23,0xFF,0x95,0x23,0xFF,0x95,0x23,0xFF,0x95,0x23,0xFF,0x95,0x23,0xFF,0x95,0x23,0xFF,0x95,0x23,0xFF,0x95,0x23,0xFF,0x95,0x23,0xFF,0x95,0x23,0xFF,0x95,0x23,0xFF,0x95,0x23,0xFF,0x95,0x23,0xFF,0x95,0x23,0xFF,0x95,0x23,0xFF,
    0x95,0x23,0xFF,0x95,0x23,0xFF,0xB6,0x23,0xFF,0x95,0x23,0xFF,0x95,0x23,0xFF,0x95,0x23,0xFF,0x95,0x23,0xFF,0x95,0x23,0xFF,0x95,0x23,0xFF,0x95,0x23,0xFF,0x95,0x23,0xFF,0x95,0x23,0xFF,0x95,0x23,0xFF,0xB6,0x23,0xFF,0xB6,0x23,0xFF,0xB6,0x23,0xFF,
    0x96,0x23,0xFF,0x95,0x23,0xFF,0x95,0x23,0xFF,0x95,0x23,0xFF,0x95,0x23,0xFF,0x95,0x23,0xFF,0x95,0x23,0xFF,0x95,0x23,0xFF,0x95,0x23,0xFF,0x95,0x23,0xFF,0xB5,0x23,0xFF,0x95,0x23,0xFF,0x95,0x23,0xFF,0x95,0x23,0xFF,0x95,0x23,0xFF,0x95,0x23,0xFF,
    0x95,0x23,0xFF,0x95,0x23,0xFF,0x96,0x23,0xFF,0x96,0x23,0xFF,0x95,0x23,0xFF,0x95,0x23,0xFF,0x95,0x23,0xFF,0x95,0x23,0xFF,0x95,0x23,0xFF,0x95,0x23,0xFF,0xB5,0x23,0xFF,0x75,0x13,0xFF,0x97,0x54,0xFF,0xDF,0xF7,0xFF,0xFB,0x9D,0xFF,0x9C,0xBE,0xFF,
    0x34,0x13,0xFF,0xB6,0x23,0xFF,0xB6,0x23,0xFF,0xB6,0x23,0xFF,0xB6,0x23,0xFF,0x95,0x23,0xFF,0x95,0x23,0xFF,0x95,0x23,0xFF,0x95,0x23,0xFF,0x95,0x23,0xFF,0x95,0x23,0xFF,0x95,0x23,0xFF,0x95,0x23,0xFF,0x95,0x23,0xFF,0x95,0x23,0xFF,0x95,0x23,0xFF,
    0x95,0x23,0xFF,0x95,0x23,0xFF,0xB5,0x23,0xFF,0x95,0x23,0xFF,0xB5,0x23,0xFF,0xB6,0x23,0xFF,0x95,0x23,0xFF,0x95,0x23,0xFF,0x95,0x23,0xFF,0x95,0x23,0xFF,0x95,0x23,0xFF,0x95,0x23,0xFF,0x95,0x23,0xFF,0x95,0x23,0xFF,0x95,0x23,0xFF,0x95,0x23,0xFF,
    0x95,0x23,0xFF,0x95,0x23,0xFF,0x95,0x23,0xFF,0x95,0x23,0xFF,0x95,0x23,0xFF,0x95,0x23,0xFF,0x95,0x23,0xFF,0x95,0x23,0xFF,0x95,0x23,0xFF,0x95,0x23,0xFF,0x95,0x23,0xFF,0x95,0x23,0xFF,0x95,0x23,0xFF,0x95,0x23,0xFF,0x95,0x23,0xFF,0x95,0x23,0xFF,
    0x95,0x23,0xFF,0x95,0x23,0xFF,0x95,0x23,0xFF,0x95,0x23,0xFF,0x95,0x23,0xFF,0x95,0x23,0xFF,0x95,0x23,0xFF,0xB6,0x23,0xFF,0x95,0x23,0xFF,0x95,0x23,0xFF,0x95,0x23,0xFF,0x95,0x23,0xFF,0x95,0x23,0xFF,0x95,0x23,0xFF,0x95,0x23,0xFF,0x95,0x23,0xFF,
    0x95,0x23,0xFF,0x95,0x23,0xFF,0xB5,0x23,0xFF,0x95,0x23,0xFF,0x95,0x23,0xFF,0x95,0x23,0xFF,0x95,0x23,0xFF,0x95,0x23,0xFF,0x95,0x23,0xFF,0x95,0x23,0xFF,0x95,0x23,0xFF,0x95,0x23,0xFF,0x95,0x23,0xFF,0x95,0x23,0xFF,0x95,0x23,0xFF,0x95,0x23,0xFF,
    0x96,0x23,0xFF,0xB6,0x23,0xFF,0x95,0x23,0xFF,0x95,0x23,0xFF,0x95,0x23,0xFF,0x95,0x23,0xFF,0x95,0x23,0xFF,0x95,0x23,0xFF,0x95,0x23,0xFF,0x95,0x23,0xFF,0x95,0x23,0xFF,0x95,0x23,0xFF,0x95,0x23,0xFF,0x95,0x23,0xFF,0x95,0x23,0xFF,0xB6,0x23,0xFF,
    0xB5,0x23,0xFF,0x95,0x23,0xFF,0x95,0x23,0xFF,0x95,0x23,0xFF,0x95,0x23,0xFF,0x95,0x23,0xFF,0x95,0x23,0xFF,0x95,0x23,0xFF,0x95,0x23,0xFF,0x95,0x23,0xFF,0x95,0x23,0xFF,0x95,0x23,0xFF,0x95,0x23,0xFF,0x95,0x23,0xFF,0x95,0x23,0xFF,0x95,0x23,0xFF,
    0x95,0x23,0xFF,0x95,0x23,0xFF,0x95,0x23,0xFF,0x95,0x23,0xFF,0x95,0x23,0xFF,0x95,0x23,0xFF,0x95,0x23,0xFF,0x95,0x23,0xFF,0x95,0x23,0xFF,0x95,0x23,0xFF,0x95,0x23,0xFF,0x95,0x23,0xFF,0xB5,0x23,0xFF,0x75,0x1B,0xFF,0x57,0x44,0xFF,0xDF,0xF7,0xFF,
    0x1B,0x9E,0xFF,0x9C,0xBE,0xFF,0x34,0x13,0xFF,0xB6,0x23,0xFF,0xB6,0x23,0xFF,0xB6,0x23,0xFF,0xB5,0x23,0xFF,0xB5,0x23,0xFF,0x95,0x23,0xFF,0x95,0x23,0xFF,0x95,0x23,0xFF,0x95,0x23,0xFF,0x95,0x23,0xFF,0x95,0x23,0xFF,0x95,0x23,0xFF,0x95,0x23,0xFF,
    0x95,0x23,0xFF,0x95,0x23,0xFF,0x95,0x23,0xFF,0x95,0x23,0xFF,0xB5,0x23,0xFF,0xB5,0x23,0xFF,0xB5,0x23,0xFF,0xB5,0x23,0xFF,0x95,0x23,0xFF,0x95,0x23,0xFF,0x95,0x23,0xFF,0x95,0x23,0xFF,0x95,0x23,0xFF,0x95,0x23,0xFF,0x95,0x23,0xFF,0x95,0x23,0xFF,
    0x95,0x23,0xFF,0x95,0x23,0xFF,0x95,0x23,0xFF,0x95,0x23,0xFF,0x95,0x23,0xFF,0x95,0x23,0xFF,0x95,0x23,0xFF,0x95,0x23,0xFF,0x95,0x23,0xFF,0x95,0x23,0xFF,0x95,0x23,0xFF,0x95,0x23,0xFF,0x95,0x23,0xFF,0x95,0x23,0xFF,0x95,0x23,0xFF,0x95,0x23,0xFF,
    0x95,0x23,0xFF,0x95,0x23,0xFF,0x95,0x23,0xFF,0x95,0x23,0xFF,0x95,0x23,0xFF,0x95,0x23,0xFF,0x95,0x23,0xFF,0x95,0x23,0xFF,0x95,0x23,0xFF,0x95,0x23,0xFF,0x95,0x23,0xFF,0x95,0x23,0xFF,0x95,0x23,0xFF,0x95,0x23,0xFF,0x95,0x23,0xFF,0x95,0x23,0xFF,
    0x95,0x23,0xFF,0x95,0x23,0xFF,0x95,0x23,0xFF,0x95,0x23,0xFF,0x95,0x23,0xFF,0x95,0x23,0xFF,0x95,0x23,0xFF,0x95,0x23,0xFF,0x95,0x23,0xFF,0x95,0x23,0xFF,0x95,0x23,0xFF,0x95,0x23,0xFF,0xB5,0x23,0xFF,0xB6,0x23,0xFF,0x95,0x23,0xFF,0x95,0x23,0xFF,
    0x95,0x23,0xFF,0x95,0x23,0xFF,0x96,0x23,0xFF,0xB6,0x23,0xFF,0xB6,0x23,0xFF,0xB6,0x23,0xFF,0x95,0x23,0xFF,0x95,0x23,0xFF,0x95,0x23,0xFF,0x95,0x23,0xFF,0x95,0x23,0xFF,0x95,0x23,0xFF,0x95,0x23,0xFF,0x95,0x23,0xFF,0x95,0x23,0xFF,0x95,0x23,0xFF,
    0x95,0x23,0xFF,0x95,0x23,0xFF,0x95,0x23,0xFF,0x95,0x23,0xFF,0x95,0x23,0xFF,0x95,0x23,0xFF,0x95,0x23,0xFF,0x95,0x23,0xFF,0x95,0x23,0xFF,0x95,0x23,0xFF,0x95,0x23,0xFF,0x95,0x23,0xFF,0x95,0x23,0xFF,0x95,0x23,0xFF,0x95,0x23,0xFF,0x95,0x23,0xFF,
    0x95,0x23,0xFF,0xB5,0x23,0xFF,0xB5,0x23,0xFF,0x95,0x23,0xFF,0x95,0x23,0xFF,0x95,0x23,0xFF,0x95,0x23,0xFF,0x95,0x23,0xFF,0x95,0x23,0xFF,0x95,0x23,0xFF,0x95,0x23,0xFF,0x95,0x23,0xFF,0x95,0x23,0xFF,0x95,0x23,0xFF,0xB5,0x23,0xFF,0x75,0x1B,0xFF,
    0x36,0x44,0xFF,0xDF,0xF7,0xFF,0x1B,0x9E,0xFF,0x9C,0xBE,0xFF,0x34,0x0B,0xFF,0xB5,0x23,0xFF,0x95,0x23,0xFF,0xB6,0x23,0xFF,0xB5,0x23,0xFF,0xB5,0x23,0xFF,0x95,0x23,0xFF,0x95,0x23,0xFF,0x95,0x23,0xFF,0x95,0x23,0xFF,0x95,0x23,0xFF,0x95,0x23,0xFF,
    0x95,0x23,0xFF,0x95,0x23,0xFF,0x95,0x23,0xFF,0x95,0x23,0xFF,0x95,0x23,0xFF,0x95,0x23,0xFF,0x95,0x23,0xFF,0x95,0x23,0xFF,0x95,0x23,0xFF,0x95,0x23,0xFF,0x95,0x23,0xFF,0x95,0x23,0xFF,0x95,0x23,0xFF,0x95,0x23,0xFF,0x95,0x23,0xFF,0x95,0x23,0xFF,
    0x95,0x23,0xFF,0x95,0x23,0xFF,0x95,0x23,0xFF,0x95,0x23,0xFF,0x95,0x23,0xFF,0x95,0x23,0xFF,0x95,0x23,0xFF,0x95,0x23,0xFF,0x95,0x23,0xFF,0x95,0x23,0xFF,0x95,0x23,0xFF,0x95,0x23,0xFF,0x95,0x23,0xFF,0x95,0x23,0xFF,0x95,0x23,0xFF,0x95,0x23,0xFF,
    0x95,0x23,0xFF,0x95,0x23,0xFF,0x95,0x23,0xFF,0x95,0x23,0xFF,0x95,0x23,0xFF,0x95,0x23,0xFF,0x95,0x23,0xFF,0x95,0x23,0xFF,0x95,0x23,0xFF,0x95,0x23,0xFF,0x95,0x23,0xFF,0x95,0x23,0xFF,0x95,0x23,0xFF,0x95,0x23,0xFF,0x95,0x23,0xFF,0x95,0x23,0xFF,
    0x95,0x23,0xFF,0x95,0x23,0xFF,0x95,0x23,0xFF,0x95,0x23,0xFF,0x95,0x23,0xFF,0x95,0x23,0xFF,0x95,0x23,0xFF,0x95,0x23,0xFF,0x95,0x23,0xFF,0x95,0x23,0xFF,0x95,0x23,0xFF,0x95,0x23,0xFF,0x95,0x23,0xFF,0xB5,0x23,0xFF,0xB5,0x23,0xFF,0xB6,0x23,0xFF,
    0x95,0x23,0xFF,0x95,0x23,0xFF,0x95,0x23,0xFF,0x95,0x23,0xFF,0xB5,0x23,0xFF,0xB6,0x23,0xFF,0xB6,0x23,0xFF,0xB6,0x23,0xFF,0xB6,0x23,0xFF,0xB5,0x23,0xFF,0x95,0x23,0xFF,0x95,0x23,0xFF,0x95,0x23,0xFF,0x95,0x23,0xFF,0x95,0x23,0xFF,0x95,0x23,0xFF,
    0x95,0x23,0xFF,0x95,0x23,0xFF,0x95,0x23,0xFF,0x95,0x23,0xFF,0x95,0x23,0xFF,0x95,0x23,0xFF,0x95,0x23,0xFF,0x95,0x23,0xFF,0x95,0x23,0xFF,0xB5,0x23,0xFF,0xB5,0x23,0xFF,0x95,0x23,0xFF,0x95,0x23,0xFF,0x95,0x23,0xFF,0x95,0x23,0xFF,0x95,0x23,0xFF,
    0x95,0x23,0xFF,0x95,0x23,0xFF,0xB5,0x23,0xFF,0xB6,0x23,0xFF,0x95,0x23,0xFF,0x95,0x23,0xFF,0x95,0x23,0xFF,0x95,0x23,0xFF,0x95,0x23,0xFF,0xB6,0x23,0xFF,0x95,0x23,0xFF,0x95,0x23,0xFF,0x95,0x23,0xFF,0x95,0x23,0xFF,0x95,0x23,0xFF,0x95,0x23,0xFF,
    0xB5,0x23,0xFF,0x75,0x1B,0xFF,0x36,0x44,0xFF,0xDF,0xF7,0xFF,0x1B,0x9E,0xFF,0x9C,0xBE,0xFF,0x34,0x0B,0xFF,0xB5,0x23,0xFF,0x95,0x23,0xFF,0x95,0x23,0xFF,0xB5,0x23,0xFF,0x95,0x23,0xFF,0x95,0x23,0xFF,0x95,0x23,0xFF,0x95,0x23,0xFF,0x95,0x23,0xFF,
    0x95,0x23,0xFF,0x95,0x23,0xFF,0x95,0x23,0xFF,0x95,0x23,0xFF,0x95,0x23,0xFF,0x95,0x23,0xFF,0xB6,0x23,0xFF,0xB6,0x23,0xFF,0xB6,0x23,0xFF,0xB6,0x23,0xFF,0xB6,0x23,0xFF,0xB6,0x23,0xFF,0xB6,0x23,0xFF,0xB6,0x23,0xFF,0xB6,0x23,0xFF,0xB6,0x23,0xFF,
    0xB6,0x23,0xFF,0xB6,0x23,0xFF,0xB6,0x23,0xFF,0xB6,0x23,0xFF,0xB6,0x23,0xFF,0xB6,0x23,0xFF,0xB6,0x23,0xFF,0xB6,0x23,0xFF,0xB6,0x23,0xFF,0xB6,0x23,0xFF,0xB6,0x23,0xFF,0xB6,0x23,0xFF,0xB6,0x23,0xFF,0xB6,0x23,0xFF,0xB6,0x23,0xFF,0xB6,0x23,0xFF,
    0xB6,0x23,0xFF,0xB6,0x23,0xFF,0xB5,0x23,0xFF,0x95,0x23,0xFF,0x95,0x23,0xFF,0x95,0x23,0xFF,0x95,0x23,0xFF,0x95,0x23,0xFF,0x95,0x23,0xFF,0x95,0x23,0xFF,0x95,0x23,0xFF,0x95,0x23,0xFF,0x95,0x23,0xFF,0x95,0x23,0xFF,0x95,0x23,0xFF,0x95,0x23,0xFF,
    0x95,0x23,0xFF,0x95,0x23,0xFF,0x95,0x23,0xFF,0x95,0x23,0xFF,0x95,0x23,0xFF,0x95,0x23,0xFF,0x95,0x23,0xFF,0x95,0x23,0xFF,0x95,0x23,0xFF,0x95,0x23,0xFF,0xB5,0x23,0xFF,0xB5,0x23,0xFF,0xB5,0x23,0xFF,0x95,0x23,0xFF,0x95,0x23,0xFF,0x95,0x23,0xFF,
    0x95,0x23,0xFF,0x95,0x23,0xFF,0x95,0x23,0xFF,0xB5,0x23,0xFF,0xB5,0x23,0xFF,0x95,0x23,0xFF,0x95,0x23,0xFF,0x95,0x23,0xFF,0x95,0x23,0xFF,0x95,0x23,0xFF,0xB6,0x23,0xFF,0xB6,0x23,0xFF,0xB5,0x23,0xFF,0xB5,0x23,0xFF,0xB5,0x23,0xFF,0xB5,0x23,0xFF,
    0xB5,0x23,0xFF,0xB5,0x23,0xFF,0xB5,0x23,0xFF,0xB5,0x23,0xFF,0x95,0x23,0xFF,0xB5,0x23,0xFF,0x95,0x23,0xFF,0x95,0x23,0xFF,0x95,0x23,0xFF,0xB5,0x23,0xFF,0x95,0x23,0xFF,0x95,0x1B,0xFF,0x95,0x1B,0xFF,0x95,0x23,0xFF,0xB5,0x23,0xFF,0x95,0x23,0xFF,
    0x95,0x23,0xFF,0x95,0x23,0xFF,0x95,0x23,0xFF,0x95,0x23,0xFF,0x95,0x23,0xFF,0x95,0x23,0xFF,0x95,0x23,0xFF,0x95,0x23,0xFF,0x95,0x23,0xFF,0x95,0x23,0xFF,0x95,0x23,0xFF,0xB6,0x23,0xFF,0x95,0x23,0xFF,0x95,0x23,0xFF,0x95,0x23,0xFF,0x95,0x23,0xFF,
    0x95,0x23,0xFF,0x95,0x23,0xFF,0xB5,0x23,0xFF,0x75,0x1B,0xFF,0x36,0x44,0xFF,0xDF,0xF7,0xFF,0x1B,0x9E,0xFF,0x9C,0xBE,0xFF,0x34,0x13,0xFF,0xB5,0x23,0xFF,0xB5,0x23,0xFF,0x95,0x23,0xFF,0x95,0x23,0xFF,0x95,0x23,0xFF,0x95,0x23,0xFF,0x95,0x23,0xFF,
    0x95,0x23,0xFF,0x95,0x23,0xFF,0xB5,0x23,0xFF,0x95,0x23,0xFF,0x95,0x23,0xFF,0x95,0x23,0xFF,0xB6,0x23,0xFF,0x95,0x23,0xFF,0x54,0x23,0xFF,0x12,0x23,0xFF,0xF2,0x22,0xFF,0xF2,0x22,0xFF,0xF2,0x22,0xFF,0xF2,0x22,0xFF,0xF2,0x22,0xFF,0xF2,0x22,0xFF,
    0xF2,0x22,0xFF,0xF2,0x22,0xFF,0xF2,0x22,0xFF,0xF2,0x22,0xFF,0xF2,0x22,0xFF,0xF2,0x22,0xFF,0xF2,0x22,0xFF,0xF2,0x22,0xFF,0xF2,0x22,0xFF,0xF2,0x22,0xFF,0xF2,0x22,0xFF,0xF2,0x22,0xFF,0xF2,0x22,0xFF,0xF2,0x22,0xFF,0xF2,0x22,0xFF,0xF2,0x22,0xFF,
    0xF2,0x22,0xFF,0xF2,0x22,0xFF,0xF2,0x22,0xFF,0x13,0x23,0xFF,0x54,0x23,0xFF,0xB5,0x23,0xFF,0xB6,0x23,0xFF,0x95,0x23,0xFF,0x95,0x23,0xFF,0x95,0x23,0xFF,0x95,0x23,0xFF,0x95,0x23,0xFF,0x95,0x23,0xFF,0x95,0x23,0xFF,0x95,0x23,0xFF,0x95,0x23,0xFF,
    0x95,0x23,0xFF,0x95,0x23,0xFF,0x95,0x23,0xFF,0x95,0x23,0xFF,0x95,0x23,0xFF,0x95,0x23,0xFF,0x95,0x23,0xFF,0x95,0x23,0xFF,0x95,0x23,0xFF,0x95,0x23,0xFF,0x95,0x23,0xFF,0x95,0x23,0xFF,0x75,0x1B,0xFF,0x75,0x1B,0xFF,0x75,0x1B,0xFF,0x95,0x23,0xFF,
    0x95,0x23,0xFF,0x95,0x23,0xFF,0x95,0x23,0xFF,0x95,0x23,0xFF,0x95,0x1B,0xFF,0x75,0x1B,0xFF,0x75,0x1B,0xFF,0x95,0x23,0xFF,0x95,0x23,0xFF,0x95,0x23,0xFF,0x95,0x23,0xFF,0x75,0x1B,0xFF,0x75,0x1B,0xFF,0x95,0x1B,0xFF,0x95,0x23,0xFF,0x75,0x1B,0xFF,
    0x75,0x1B,0xFF,0x75,0x1B,0xFF,0x75,0x1B,0xFF,0x75,0x1B,0xFF,0x75,0x1B,0xFF,0x75,0x1B,0xFF,0x75,0x1B,0xFF,0x75,0x1B,0xFF,0x95,0x23,0xFF,0x95,0x23,0xFF,0x95,0x23,0xFF,0x55,0x13,0xFF,0x75,0x1B,0xFF,0xD5,0x2B,0xFF,0xD6,0x33,0xFF,0x75,0x1B,0xFF,
    0x55,0x13,0xFF,0xB5,0x23,0xFF,0x95,0x23,0xFF,0x95,0x23,0xFF,0x95,0x23,0xFF,0x95,0x23,0xFF,0x95,0x23,0xFF,0x95,0x23,0xFF,0x95,0x23,0xFF,0x95,0x23,0xFF,0x95,0x23,0xFF,0x95,0x23,0xFF,0x95,0x23,0xFF,0xB6,0x23,0xFF,0x95,0x23,0xFF,0x95,0x23,0xFF,
    0x95,0x23,0xFF,0x95,0x23,0xFF,0x95,0x23,0xFF,0x95,0x23,0xFF,0xB5,0x23,0xFF,0x75,0x1B,0xFF,0x36,0x44,0xFF,0xDF,0xF7,0xFF,0x1B,0x9E,0xFF,0x9C,0xBE,0xFF,0x34,0x0B,0xFF,0xB5,0x23,0xFF,0xB6,0x23,0xFF,0x95,0x23,0xFF,0x95,0x23,0xFF,0x95,0x23,0xFF,
    0x95,0x23,0xFF,0x95,0x23,0xFF,0x95,0x23,0xFF,0xB5,0x23,0xFF,0xB5,0x23,0xFF,0x95,0x23,0xFF,0x95,0x23,0xFF,0xB6,0x23,0xFF,0x33,0x23,0xFF,0x70,0x22,0xFF,0xED,0x19,0xFF,0x8C,0x11,0xFF,0x8C,0x11,0xFF,0x8C,0x11,0xFF,0x8C,0x11,0xFF,0x8C,0x11,0xFF,
    0x8C,0x11,0xFF,0x8C,0x11,0xFF,0x8C,0x11,0xFF,0x8C,0x11,0xFF,0x8C,0x11,0xFF,0x8C,0x11,0xFF,0x8C,0x11,0xFF,0x8C,0x11,0xFF,0x8C,0x11,0xFF,0x8C,0x11,0xFF,0x8C,0x11,0xFF,0x8C,0x11,0xFF,0x8C,0x11,0xFF,0x8C,0x11,0xFF,0x8C,0x11,0xFF,0x8C,0x11,0xFF,
    0x8C,0x11,0xFF,0x8C,0x11,0xFF,0x8C,0x11,0xFF,0x8C,0x11,0xFF,0x6C,0x11,0xFF,0x8C,0x11,0xFF,0x0D,0x1A,0xFF,0xB0,0x22,0xFF,0x54,0x23,0xFF,0xB6,0x23,0xFF,0x95,0x23,0xFF,0x95,0x23,0xFF,0x95,0x23,0xFF,0x95,0x23,0xFF,0x95,0x23,0xFF,0x95,0x23,0xFF,
    0x95,0x23,0xFF,0x95,0x23,0xFF,0x95,0x23,0xFF,0x95,0x23,0xFF,0x95,0x23,0xFF,0x95,0x23,0xFF,0x95,0x23,0xFF,0x95,0x23,0xFF,0x95,0x23,0xFF,0x95,0x23,0xFF,0x95,0x23,0xFF,0x95,0x23,0xFF,0xB5,0x23,0xFF,0x75,0x13,0xFF,0xBA,0x8D,0xFF,0xFD,0xD6,0xFF,
    0xBC,0xBE,0xFF,0xD6,0x2B,0xFF,0x95,0x1B,0xFF,0xB6,0x23,0xFF,0xB6,0x23,0xFF,0x75,0x13,0xFF,0x99,0x85,0xFF,0xFD,0xD6,0xFF,0x3B,0xA6,0xFF,0x75,0x1B,0xFF,0xB5,0x23,0xFF,0xB6,0x23,0xFF,0x75,0x1B,0xFF,0xDA,0x95,0xFF,0xFD,0xD6,0xFF,0xDA,0x95,0xFF,
    0xB5,0x2B,0xFF,0xDC,0xC6,0xFF,0xFD,0xCE,0xFF,0xFD,0xCE,0xFF,0xFD,0xCE,0xFF,0xFD,0xCE,0xFF,0xFD,0xCE,0xFF,0xFD,0xCE,0xFF,0xFD,0xCE,0xFF,0x9C,0xB6,0xFF,0xB5,0x2B,0xFF,0x95,0x23,0xFF,0x54,0x13,0xFF,0xD8,0x64,0xFF,0xDC,0xC6,0xFF,0x9E,0xE7,0xFF,
    0x9E,0xEF,0xFF,0xFD,0xCE,0xFF,0x39,0x75,0xFF,0x75,0x1B,0xFF,0x95,0x23,0xFF,0x95,0x23,0xFF,0x95,0x23,0xFF,0xB5,0x23,0xFF,0x95,0x23,0xFF,0x95,0x23,0xFF,0x95,0x23,0xFF,0x95,0x23,0xFF,0x95,0x23,0xFF,0x95,0x23,0xFF,0x95,0x23,0xFF,0x95,0x23,0xFF,
    0x95,0x23,0xFF,0x95,0x23,0xFF,0x95,0x23,0xFF,0x95,0x23,0xFF,0x95,0x23,0xFF,0x95,0x23,0xFF,0xB5,0x23,0xFF,0x75,0x1B,0xFF,0x36,0x44,0xFF,0xDF,0xF7,0xFF,0x1A,0x9E,0xFF,0x9C,0xBE,0xFF,0x34,0x0B,0xFF,0xB5,0x23,0xFF,0xB6,0x23,0xFF,0x95,0x23,0xFF,
    0x95,0x23,0xFF,0x95,0x23,0xFF,0x95,0x23,0xFF,0x95,0x23,0xFF,0x95,0x23,0xFF,0x95,0x23,0xFF,0x95,0x23,0xFF,0x95,0x23,0xFF,0x95,0x23,0xFF,0xB1,0x22,0xFF,0xCD,0x19,0xFF,0x8C,0x11,0xFF,0xAF,0x3A,0xFF,0xF3,0x6B,0xFF,0x75,0x7C,0xFF,0x95,0x7C,0xFF,
    0x95,0x7C,0xFF,0x95,0x7C,0xFF,0x95,0x7C,0xFF,0x95,0x7C,0xFF,0x75,0x7C,0xFF,0x95,0x7C,0xFF,0x95,0x7C,0xFF,0x95,0x7C,0xFF,0x95,0x7C,0xFF,0x95,0x7C,0xFF,0x95,0x7C,0xFF,0x95,0x7C,0xFF,0x95,0x7C,0xFF,0x95,0x7C,0xFF,0x95,0x7C,0xFF,0x95,0x7C,0xFF,
    0x95,0x7C,0xFF,0x95,0x7C,0xFF,0x95,0x7C,0xFF,0x75,0x7C,0xFF,0x75,0x7C,0xFF,0x75,0x7C,0xFF,0x74,0x7C,0xFF,0xB2,0x5B,0xFF,0x6E,0x2A,0xFF,0x8C,0x11,0xFF,0xED,0x19,0xFF,0xF2,0x22,0xFF,0xB6,0x23,0xFF,0x95,0x23,0xFF,0x95,0x23,0xFF,0x95,0x23,0xFF,
    0x95,0x23,0xFF,0x95,0x23,0xFF,0x95,0x23,0xFF,0x95,0x23,0xFF,0x95,0x23,0xFF,0x95,0x23,0xFF,0x95,0x23,0xFF,0x95,0x23,0xFF,0x95,0x23,0xFF,0x95,0x23,0xFF,0x95,0x23,0xFF,0xB5,0x23,0xFF,0x95,0x23,0xFF,0xB5,0x23,0xFF,0x95,0x1B,0xFF,0xD5,0x2B,0xFF,
    0xBF,0xEF,0xFF,0xFF,0xFF,0xFF,0xFF,0xFF,0xFF,0x18,0x6D,0xFF,0x55,0x13,0xFF,0xB6,0x23,0xFF,0xB6,0x23,0xFF,0x55,0x13,0xFF,0x3B,0xA6,0xFF,0xFF,0xFF,0xFF,0x1D,0xD7,0xFF,0x75,0x1B,0xFF,0xB5,0x23,0xFF,0xB6,0x23,0xFF,0x55,0x13,0xFF,0x9C,0xB6,0xFF,
    0xFF,0xFF,0xFF,0xBC,0xBE,0xFF,0xD5,0x2B,0xFF,0xFF,0xFF,0xFF,0xFF,0xFF,0xFF,0xFF,0xFF,0xFF,0xFF,0xFF,0xFF,0xFF,0xFF,0xFF,0xFF,0xFF,0xFF,0xFF,0xFF,0xFF,0xFF,0xFF,0xFF,0xDF,0xF7,0xFF,0xB5,0x2B,0xFF,0x54,0x13,0xFF,0xB9,0x8D,0xFF,0xFF,0xFF,0xFF,
    0xFF,0xFF,0xFF,0xFF,0xFF,0xFF,0xFF,0xFF,0xFF,0xFF,0xFF,0xFF,0xFF,0xFF,0xFF,0x3B,0xA6,0xFF,0x75,0x1B,0xFF,0xB5,0x23,0xFF,0x95,0x23,0xFF,0xB6,0x23,0xFF,0xB5,0x23,0xFF,0x95,0x23,0xFF,0xB5,0x23,0xFF,0xB6,0x23,0xFF,0x95,0x23,0xFF,0x95,0x23,0xFF,
    0x95,0x23,0xFF,0x95,0x23,0xFF,0x95,0x23,0xFF,0x95,0x23,0xFF,0x95,0x23,0xFF,0x95,0x23,0xFF,0x95,0x23,0xFF,0x95,0x23,0xFF,0xB5,0x23,0xFF,0x75,0x1B,0xFF,0x36,0x44,0xFF,0xDF,0xF7,0xFF,0x1A,0x9E,0xFF,0x9C,0xBE,0xFF,0x34,0x13,0xFF,0xB5,0x23,0xFF,
    0x95,0x23,0xFF,0x95,0x23,0xFF,0x95,0x23,0xFF,0x95,0x23,0xFF,0x95,0x23,0xFF,0x95,0x23,0xFF,0x95,0x23,0xFF,0x95,0x23,0xFF,0x95,0x23,0xFF,0x95,0x23,0xFF,0xB0,0x22,0xFF,0xAC,0x11,0xFF,0x6F,0x32,0xFF,0x98,0xA5,0xFF,0xBE,0xF7,0xFF,0xFF,0xFF,0xFF,
    0xFF,0xFF,0xFF,0xFF,0xFF,0xFF,0xFF,0xFF,0xFF,0xFF,0xFF,0xFF,0xFF,0xFF,0xFF,0xFF,0xFF,0xFF,0xFF,0xFF,0xFF,0xFF,0xFF,0xFF,0xFF,0xFF,0xFF,0xFF,0xFF,0xFF,0xFF,0xFF,0xFF,0xFF,0xFF,0xFF,0xFF,0xFF,0xFF,0xFF,0xFF,0xFF,0xFF,0xFF,0xFF,0xFF,0xFF,0xFF,
    0xFF,0xFF,0xFF,0xFF,0xFF,0xFF,0xFF,0xFF,0xFF,0xFF,0xFF,0xFF,0xFF,0xFF,0xFF,0xFF,0xFF,0xFF,0xFF,0xFF,0xFF,0xFF,0xFF,0xFF,0xFF,0xFF,0xFF,0xFF,0xFF,0xFF,0x5D,0xE7,0xFF,0xB5,0x84,0xFF,0xED,0x21,0xFF,0xCD,0x19,0xFF,0xF2,0x22,0xFF,0xB6,0x23,0xFF,
    0x95,0x23,0xFF,0x95,0x23,0xFF,0x95,0x23,0xFF,0x95,0x23,0xFF,0x95,0x23,0xFF,0x95,0x23,0xFF,0x95,0x23,0xFF,0x95,0x23,0xFF,0x95,0x23,0xFF,0x95,0x23,0xFF,0x95,0x23,0xFF,0x95,0x23,0xFF,0x95,0x23,0xFF,0x95,0x23,0xFF,0x95,0x23,0xFF,0xB5,0x23,0xFF,
    0x55,0x13,0xFF,0xD8,0x64,0xFF,0xFF,0xFF,0xFF,0xFF,0xFF,0xFF,0xFF,0xFF,0xFF,0x9C,0xBE,0xFF,0x54,0x13,0xFF,0xB6,0x23,0xFF,0xB6,0x23,0xFF,0x55,0x13,0xFF,0x1B,0x9E,0xFF,0xFF,0xFF,0xFF,0xDD,0xC6,0xFF,0x75,0x1B,0xFF,0xB5,0x23,0xFF,0xB6,0x23,0xFF,
    0x55,0x13,0xFF,0x7B,0xAE,0xFF,0xFF,0xFF,0xFF,0x9C,0xB6,0xFF,0xB5,0x2B,0xFF,0x9C,0xBE,0xFF,0xBC,0xC6,0xFF,0x9C,0xBE,0xFF,0x9E,0xEF,0xFF,0xFF,0xFF,0xFF,0x7E,0xE7,0xFF,0x9B,0xBE,0xFF,0xBC,0xC6,0xFF,0x7B,0xB6,0xFF,0x75,0x1B,0xFF,0xB7,0x5C,0xFF,
    0xFF,0xFF,0xFF,0xFF,0xFF,0xFF,0xDF,0xF7,0xFF,0x5B,0xAE,0xFF,0x3B,0xA6,0xFF,0x9E,0xEF,0xFF,0xFF,0xFF,0xFF,0xFF,0xFF,0xFF,0x79,0x85,0xFF,0x54,0x13,0xFF,0xB5,0x23,0xFF,0xB5,0x23,0xFF,0xB5,0x23,0xFF,0x95,0x23,0xFF,0x95,0x23,0xFF,0xB6,0x23,0xFF,
    0x96,0x23,0xFF,0x95,0x23,0xFF,0x95,0x23,0xFF,0x95,0x23,0xFF,0x95,0x23,0xFF,0x95,0x23,0xFF,0x95,0x23,0xFF,0x95,0x23,0xFF,0x95,0x23,0xFF,0x95,0x23,0xFF,0xB5,0x23,0xFF,0x75,0x1B,0xFF,0x36,0x44,0xFF,0xDF,0xF7,0xFF,0x1B,0x9E,0xFF,0x9C,0xBE,0xFF,
    0x34,0x13,0xFF,0xB5,0x23,0xFF,0x95,0x23,0xFF,0x95,0x23,0xFF,0x95,0x23,0xFF,0x95,0x23,0xFF,0x95,0x23,0xFF,0x95,0x23,0xFF,0x95,0x23,0xFF,0x95,0x23,0xFF,0xB6,0x23,0xFF,0xD1,0x22,0xFF,0xAC,0x19,0xFF,0x10,0x43,0xFF,0x3D,0xE7,0xFF,0xFF,0xFF,0xFF,
    0xFF,0xFF,0xFF,0xFF,0xFF,0xFF,0xFF,0xFF,0xFF,0xFF,0xFF,0xFF,0xFF,0xFF,0xFF,0xFF,0xFF,0xFF,0xFF,0xFF,0xFF,0xFF,0xFF,0xFF,0xFF,0xFF,0xFF,0xFF,0xFF,0xFF,0xDF,0xFF,0xFF,0xFF,0xFF,0xFF,0xFF,0xFF,0xFF,0xFF,0xFF,0xFF,0xFF,0xFF,0xFF,0xFF,0xFF,0xFF,
    0xFF,0xFF,0xFF,0xFF,0xFF,0xFF,0xFF,0xFF,0xFF,0xFF,0xFF,0xFF,0xDF,0xFF,0xFF,0xFF,0xFF,0xFF,0xFF,0xFF,0xFF,0xFF,0xFF,0xFF,0xFF,0xFF,0xFF,0xFF,0xFF,0xFF,0xFF,0xFF,0xFF,0xFF,0xFF,0xFF,0xFF,0xFF,0xFF,0xFF,0xFF,0xFF,0x7B,0xCE,0xFF,0x4E,0x2A,0xFF,
    0xCC,0x19,0xFF,0x13,0x23,0xFF,0xB6,0x23,0xFF,0x95,0x23,0xFF,0x95,0x23,0xFF,0x95,0x23,0xFF,0x95,0x23,0xFF,0x95,0x23,0xFF,0x95,0x23,0xFF,0x95,0x23,0xFF,0x95,0x23,0xFF,0x95,0x23,0xFF,0x95,0x23,0xFF,0x95,0x23,0xFF,0x95,0x23,0xFF,0x95,0x23,0xFF,
    0x95,0x23,0xFF,0xB5,0x23,0xFF,0x54,0x13,0xFF,0x5B,0xAE,0xFF,0xFF,0xFF,0xFF,0x1D,0xD7,0xFF,0xDF,0xFF,0xFF,0xDF,0xF7,0xFF,0xF6,0x33,0xFF,0x95,0x1B,0xFF,0xB6,0x23,0xFF,0x55,0x13,0xFF,0x1B,0xA6,0xFF,0xFF,0xFF,0xFF,0xFD,0xCE,0xFF,0x75,0x1B,0xFF,
    0xB5,0x23,0xFF,0xB5,0x23,0xFF,0x55,0x13,0xFF,0x7B,0xB6,0xFF,0xFF,0xFF,0xFF,0xBC,0xBE,0xFF,0x54,0x13,0xFF,0x75,0x1B,0xFF,0x74,0x1B,0xFF,0x34,0x13,0xFF,0xBC,0xBE,0xFF,0xFF,0xFF,0xFF,0x5B,0xAE,0xFF,0x14,0x0B,0xFF,0x75,0x1B,0xFF,0x75,0x1B,0xFF,
    0x75,0x1B,0xFF,0xFD,0xCE,0xFF,0xFF,0xFF,0xFF,0x9E,0xEF,0xFF,0x56,0x4C,0xFF,0x34,0x13,0xFF,0x54,0x13,0xFF,0xF6,0x33,0xFF,0x3D,0xDF,0xFF,0xFF,0xFF,0xFF,0x9E,0xEF,0xFF,0xB5,0x2B,0xFF,0x95,0x1B,0xFF,0x95,0x23,0xFF,0x95,0x23,0xFF,0x95,0x23,0xFF,
    0xB5,0x23,0xFF,0xB5,0x23,0xFF,0x95,0x23,0xFF,0x95,0x23,0xFF,0x95,0x23,0xFF,0x95,0x23,0xFF,0x95,0x23,0xFF,0x95,0x23,0xFF,0x95,0x23,0xFF,0x95,0x23,0xFF,0x95,0x23,0xFF,0x95,0x23,0xFF,0xB5,0x23,0xFF,0x75,0x1B,0xFF,0x36,0x44,0xFF,0xDF,0xF7,0xFF,
    0x1B,0x9E,0xFF,0x9C,0xBE,0xFF,0x34,0x13,0xFF,0xB6,0x23,0xFF,0xB6,0x23,0xFF,0x95,0x23,0xFF,0x95,0x23,0xFF,0x95,0x23,0xFF,0x95,0x23,0xFF,0x95,0x23,0xFF,0x95,0x23,0xFF,0xB6,0x23,0xFF,0x53,0x23,0xFF,0xCD,0x19,0xFF,0xAF,0x3A,0xFF,0x7E,0xEF,0xFF,
    0xFF,0xFF,0xFF,0xDF,0xFF,0xFF,0xFF,0xFF,0xFF,0xFF,0xFF,0xFF,0xFF,0xFF,0xFF,0xFF,0xFF,0xFF,0xFF,0xFF,0xFF,0xFF,0xFF,0xFF,0xFF,0xFF,0xFF,0xFF,0xFF,0xFF,0xFF,0xFF,0xFF,0xFF,0xFF,0xFF,0xFF,0xFF,0xFF,0xFF,0xFF,0xFF,0xFF,0xFF,0xFF,0xFF,0xFF,0xFF,
    0xFF,0xFF,0xFF,0xFF,0xFF,0xFF,0xFF,0xFF,0xFF,0xFF,0xFF,0xFF,0xFF,0xFF,0xFF,0xFF,0xFF,0xFF,0xFF,0xFF,0xFF,0xFF,0xFF,0xFF,0xFF,0xFF,0xFF,0xFF,0xFF,0xFF,0xFF,0xFF,0xFF,0xFF,0xFF,0xFF,0xFF,0xFF,0xFF,0xFF,0xFF,0xFF,0xFF,0xFF,0xFF,0xDF,0xFF,0xFF,
    0xFF,0xFF,0xFF,0x9B,0xCE,0xFF,0x0D,0x22,0xFF,0x0E,0x22,0xFF,0x75,0x23,0xFF,0x95,0x23,0xFF,0x95,0x23,0xFF,0x95,0x23,0xFF,0x95,0x23,0xFF,0x95,0x23,0xFF,0xB5,0x23,0xFF,0xB5,0x23,0xFF,0x95,0x23,0xFF,0x95,0x23,0xFF,0x95,0x23,0xFF,0x95,0x23,0xFF,
    0xB5,0x23,0xFF,0x95,0x23,0xFF,0xB5,0x23,0xFF,0x95,0x1B,0xFF,0xD5,0x2B,0xFF,0x9E,0xEF,0xFF,0xFF,0xFF,0xFF,0xD7,0x64,0xFF,0x1D,0xD7,0xFF,0xFF,0xFF,0xFF,0x39,0x75,0xFF,0x55,0x13,0xFF,0xD6,0x2B,0xFF,0x55,0x13,0xFF,0x1A,0xA6,0xFF,0xFF,0xFF,0xFF,
    0xFD,0xCE,0xFF,0x75,0x1B,0xFF,0x95,0x23,0xFF,0xB5,0x23,0xFF,0x55,0x13,0xFF,0x7B,0xB6,0xFF,0xFF,0xFF,0xFF,0xBC,0xBE,0xFF,0x54,0x13,0xFF,0xB6,0x23,0xFF,0xB6,0x23,0xFF,0x75,0x1B,0xFF,0xBC,0xBE,0xFF,0xFF,0xFF,0xFF,0x7B,0xAE,0xFF,0x75,0x13,0xFF,
    0xD6,0x2B,0xFF,0x95,0x1B,0xFF,0x56,0x44,0xFF,0xDF,0xFF,0xFF,0xFF,0xFF,0xFF,0x79,0x85,0xFF,0x34,0x0B,0xFF,0xD6,0x2B,0xFF,0xD6,0x2B,0xFF,0x55,0x13,0xFF,0xD7,0x5C,0xFF,0xFF,0xFF,0xFF,0xFF,0xFF,0xFF,0xF8,0x64,0xFF,0x55,0x13,0xFF,0xB5,0x23,0xFF,
    0x95,0x23,0xFF,0xB5,0x23,0xFF,0xB5,0x23,0xFF,0xB5,0x23,0xFF,0x95,0x23,0xFF,0x95,0x23,0xFF,0x95,0x23,0xFF,0x95,0x23,0xFF,0x95,0x23,0xFF,0x95,0x23,0xFF,0x95,0x23,0xFF,0x95,0x23,0xFF,0x95,0x23,0xFF,0x95,0x23,0xFF,0xB5,0x23,0xFF,0x75,0x1B,0xFF,
    0x36,0x44,0xFF,0xDF,0xF7,0xFF,0x1B,0x9E,0xFF,0x9C,0xBE,0xFF,0x34,0x13,0xFF,0xB6,0x23,0xFF,0xB6,0x23,0xFF,0x95,0x23,0xFF,0x95,0x23,0xFF,0x95,0x23,0xFF,0x95,0x23,0xFF,0x95,0x23,0xFF,0x95,0x23,0xFF,0xB5,0x23,0xFF,0x6F,0x22,0xFF,0xCC,0x19,0xFF,
    0x9B,0xCE,0xFF,0xFF,0xFF,0xFF,0xFF,0xFF,0xFF,0xFF,0xFF,0xFF,0xFF,0xFF,0xFF,0xFF,0xFF,0xFF,0xFF,0xFF,0xFF,0xFF,0xFF,0xFF,0xFF,0xFF,0xFF,0xFF,0xFF,0xFF,0xFF,0xFF,0xFF,0xFF,0xFF,0xFF,0xFF,0xFF,0xFF,0xFF,0xFF,0xFF,0xFF,0xFF,0xFF,0xFF,0xFF,0xFF,
    0xFF,0xFF,0xFF,0xFF,0xFF,0xFF,0xFF,0xFF,0xFF,0xFF,0xFF,0xFF,0xFF,0xFF,0xFF,0xFF,0xFF,0xFF,0xFF,0xFF,0xFF,0xFF,0xFF,0xFF,0xFF,0xFF,0xFF,0xFF,0xFF,0xFF,0xFF,0xFF,0xFF,0xFF,0xFF,0xFF,0xFF,0xFF,0xFF,0xFF,0xFF,0xFF,0xFF,0xFF,0xFF,0xFF,0xFF,0xFF,
    0xFF,0xFF,0xFF,0xFF,0xFF,0xFF,0xDF,0xFF,0xFF,0xFF,0xFF,0xFF,0x78,0xA5,0xFF,0x8C,0x11,0xFF,0xD1,0x22,0xFF,0xB6,0x23,0xFF,0x95,0x23,0xFF,0x95,0x23,0xFF,0x95,0x23,0xFF,0xB5,0x23,0xFF,0xB5,0x23,0xFF,0xB5,0x23,0xFF,0xB5,0x23,0xFF,0x95,0x23,0xFF,
    0x95,0x23,0xFF,0xB5,0x23,0xFF,0xB5,0x23,0xFF,0x95,0x23,0xFF,0xB5,0x23,0xFF,0x55,0x13,0xFF,0xF8,0x64,0xFF,0xFF,0xFF,0xFF,0xBE,0xEF,0xFF,0x74,0x1B,0xFF,0x1A,0x9E,0xFF,0xFF,0xFF,0xFF,0xBC,0xBE,0xFF,0x74,0x13,0xFF,0xD6,0x23,0xFF,0x55,0x13,0xFF,
    0x1B,0xA6,0xFF,0xFF,0xFF,0xFF,0xFD,0xCE,0xFF,0x75,0x1B,0xFF,0xB5,0x23,0xFF,0xB5,0x23,0xFF,0x75,0x13,0xFF,0x7B,0xB6,0xFF,0xFF,0xFF,0xFF,0xBC,0xBE,0xFF,0x55,0x13,0xFF,0xB5,0x23,0xFF,0xB6,0x23,0xFF,0x75,0x1B,0xFF,0xBC,0xBE,0xFF,0xFF,0xFF,0xFF,
    0x7B,0xAE,0xFF,0x54,0x13,0xFF,0xB6,0x23,0xFF,0x55,0x13,0xFF,0x18,0x6D,0xFF,0xFF,0xFF,0xFF,0xDF,0xF7,0xFF,0x16,0x3C,0xFF,0x95,0x1B,0xFF,0xB5,0x23,0xFF,0xB5,0x23,0xFF,0xB5,0x23,0xFF,0xB5,0x23,0xFF,0x7E,0xE7,0xFF,0xFF,0xFF,0xFF,0xDA,0x95,0xFF,
    0x55,0x13,0xFF,0xB5,0x23,0xFF,0xB5,0x23,0xFF,0xB5,0x23,0xFF,0xB5,0x23,0xFF,0xB5,0x23,0xFF,0x95,0x23,0xFF,0x95,0x23,0xFF,0x95,0x23,0xFF,0x95,0x23,0xFF,0x95,0x23,0xFF,0x95,0x23,0xFF,0x95,0x23,0xFF,0x95,0x23,0xFF,0x95,0x23,0xFF,0x95,0x23,0xFF,
    0xB5,0x23,0xFF,0x75,0x1B,0xFF,0x36,0x44,0xFF,0xDF,0xF7,0xFF,0x1B,0x9E,0xFF,0x9C,0xBE,0xFF,0x34,0x0B,0xFF,0xB6,0x23,0xFF,0xB5,0x23,0xFF,0x95,0x23,0xFF,0x95,0x23,0xFF,0x95,0x23,0xFF,0x95,0x23,0xFF,0x95,0x23,0xFF,0xB6,0x23,0xFF,0x53,0x23,0xFF,
    0x8C,0x11,0xFF,0x34,0x74,0xFF,0xFF,0xFF,0xFF,0xFF,0xFF,0xFF,0xFF,0xFF,0xFF,0xFF,0xFF,0xFF,0xFF,0xFF,0xFF,0xFF,0xFF,0xFF,0xFF,0xFF,0xFF,0x7D,0xFF,0xFF,0x1C,0xF7,0xFF,0x7D,0xFF,0xFF,0xFF,0xFF,0xFF,0xFF,0xFF,0xFF,0xFF,0xFF,0xFF,0xFF,0xFF,0xFF,
    0xFF,0xFF,0xFF,0xFF,0xFF,0xFF,0xFF,0xFF,0xFF,0xFF,0xFF,0xFF,0xFF,0xFF,0xFF,0xFF,0xFF,0xFF,0xFF,0xFF,0xFF,0xFF,0xFF,0xFF,0xFF,0xFF,0xFF,0xFF,0xFF,0xFF,0xFF,0xFF,0xFF,0xFF,0xFF,0xFF,0xFF,0xFF,0xFF,0xFF,0xFF,0xFF,0xFF,0xFF,0xFF,0xFF,0xFF,0xFF,
    0xFF,0xFF,0xFF,0xFF,0xFF,0xFF,0xFF,0xFF,0xFF,0xFF,0xFF,0xFF,0xFF,0xFF,0xFF,0xFF,0xFF,0xFF,0xFF,0xFF,0xFF,0x10,0x43,0xFF,0xCD,0x19,0xFF,0x75,0x23,0xFF,0xB5,0x23,0xFF,0x95,0x23,0xFF,0x95,0x23,0xFF,0x95,0x23,0xFF,0xB5,0x23,0xFF,0xB6,0x23,0xFF,
    0xB5,0x23,0xFF,0x95,0x23,0xFF,0x95,0x23,0xFF,0xB5,0x23,0xFF,0x95,0x23,0xFF,0x95,0x23,0xFF,0xB5,0x23,0xFF,0x54,0x13,0xFF,0x5B,0xAE,0xFF,0xFF,0xFF,0xFF,0x7B,0xB6,0xFF,0x34,0x0B,0xFF,0xF8,0x64,0xFF,0xFF,0xFF,0xFF,0xDF,0xF7,0xFF,0x16,0x3C,0xFF,
    0x95,0x1B,0xFF,0x55,0x13,0xFF,0x1B,0xA6,0xFF,0xFF,0xFF,0xFF,0xFD,0xCE,0xFF,0x75,0x1B,0xFF,0xB5,0x23,0xFF,0xB5,0x23,0xFF,0x75,0x13,0xFF,0x7B,0xB6,0xFF,0xFF,0xFF,0xFF,0xBC,0xBE,0xFF,0x54,0x13,0xFF,0xB5,0x23,0xFF,0xB6,0x23,0xFF,0x75,0x1B,0xFF,
    0xBC,0xBE,0xFF,0xFF,0xFF,0xFF,0x7B,0xAE,0xFF,0x55,0x13,0xFF,0xB6,0x2B,0xFF,0x54,0x13,0xFF,0x79,0x85,0xFF,0xFF,0xFF,0xFF,0x7E,0xE7,0xFF,0xB5,0x2B,0xFF,0x95,0x1B,0xFF,0x95,0x23,0xFF,0x95,0x23,0xFF,0xB5,0x23,0xFF,0x75,0x1B,0xFF,0xFD,0xCE,0xFF,
    0xFF,0xFF,0xFF,0x3B,0xA6,0xFF,0x55,0x13,0xFF,0xB5,0x23,0xFF,0x95,0x23,0xFF,0x95,0x23,0xFF,0x95,0x23,0xFF,0xB5,0x23,0xFF,0x95,0x23,0xFF,0x95,0x23,0xFF,0x95,0x23,0xFF,0x95,0x23,0xFF,0x95,0x23,0xFF,0x95,0x23,0xFF,0x95,0x23,0xFF,0x95,0x23,0xFF,
    0x95,0x23,0xFF,0x95,0x23,0xFF,0xB5,0x23,0xFF,0x75,0x1B,0xFF,0x36,0x44,0xFF,0xDF,0xF7,0xFF,0x1B,0x9E,0xFF,0x9C,0xBE,0xFF,0x34,0x0B,0xFF,0xB5,0x23,0xFF,0xB5,0x23,0xFF,0x95,0x23,0xFF,0x95,0x23,0xFF,0x95,0x23,0xFF,0x95,0x23,0xFF,0x95,0x23,0xFF,
    0xB6,0x23,0xFF,0x90,0x22,0xFF,0xCD,0x19,0xFF,0xFC,0xD6,0xFF,0xFF,0xFF,0xFF,0xFF,0xFF,0xFF,0xFF,0xFF,0xFF,0xFF,0xFF,0xFF,0xFF,0xFF,0xFF,0xFB,0xF6,0xFF,0x30,0xEC,0xFF,0xCB,0xE2,0xFF,0x8A,0xE2,0xFF,0xCB,0xE2,0xFF,0x50,0xEC,0xFF,0xDB,0xF6,0xFF,
    0xFF,0xFF,0xFF,0xFF,0xFF,0xFF,0xFF,0xFF,0xFF,0xFF,0xFF,0xFF,0xFF,0xFF,0xFF,0xFF,0xFF,0xFF,0xFF,0xFF,0xFF,0xFF,0xFF,0xFF,0xFF,0xFF,0xFF,0xFF,0xFF,0xFF,0xFF,0xFF,0xFF,0xFF,0xFF,0xFF,0xFF,0xFF,0xFF,0xFF,0xFF,0xFF,0xFF,0xFF,0xFF,0xFF,0xFF,0xFF,
    0xFF,0xFF,0xFF,0xFF,0xFF,0xFF,0xFF,0xFF,0xFF,0xFF,0xFF,0xFF,0xFF,0xFF,0xFF,0xFF,0xFF,0xFF,0xFF,0xFF,0xFF,0xFF,0xFF,0xFF,0xFF,0xFF,0xFF,0xB8,0xAD,0xFF,0x8C,0x11,0xFF,0x12,0x23,0xFF,0xB6,0x23,0xFF,0x95,0x23,0xFF,0x95,0x23,0xFF,0x95,0x23,0xFF,
    0x95,0x23,0xFF,0xB5,0x23,0xFF,0xB6,0x23,0xFF,0xB5,0x23,0xFF,0xB5,0x23,0xFF,0x95,0x23,0xFF,0x95,0x23,0xFF,0x95,0x23,0xFF,0x95,0x1B,0xFF,0xF6,0x33,0xFF,0x9E,0xEF,0xFF,0xFF,0xFF,0xFF,0xB7,0x5C,0xFF,0xF3,0x02,0xFF,0x74,0x1B,0xFF,0x5E,0xDF,0xFF,
    0xFF,0xFF,0xFF,0x79,0x85,0xFF,0x55,0x13,0xFF,0x75,0x13,0xFF,0x1B,0xA6,0xFF,0xFF,0xFF,0xFF,0xFD,0xCE,0xFF,0x75,0x1B,0xFF,0xB5,0x23,0xFF,0xB5,0x23,0xFF,0x55,0x13,0xFF,0x7B,0xB6,0xFF,0xFF,0xFF,0xFF,0xBC,0xBE,0xFF,0x54,0x13,0xFF,0xB5,0x23,0xFF,
    0xB6,0x23,0xFF,0x75,0x1B,0xFF,0xBC,0xBE,0xFF,0xFF,0xFF,0xFF,0x5B,0xAE,0xFF,0x55,0x13,0xFF,0xD6,0x2B,0xFF,0x55,0x13,0xFF,0x79,0x7D,0xFF,0xFF,0xFF,0xFF,0x7E,0xE7,0xFF,0xB5,0x2B,0xFF,0x95,0x1B,0xFF,0x95,0x23,0xFF,0x95,0x23,0xFF,0xB6,0x23,0xFF,
    0x75,0x1B,0xFF,0xFD,0xCE,0xFF,0xFF,0xFF,0xFF,0x3B,0xA6,0xFF,0x55,0x13,0xFF,0xB6,0x23,0xFF,0x95,0x23,0xFF,0x95,0x23,0xFF,0x95,0x23,0xFF,0x95,0x23,0xFF,0xB6,0x23,0xFF,0xB6,0x23,0xFF,0xB5,0x23,0xFF,0x95,0x23,0xFF,0x95,0x23,0xFF,0x95,0x23,0xFF,
    0x95,0x23,0xFF,0x95,0x23,0xFF,0x95,0x23,0xFF,0x95,0x23,0xFF,0xB5,0x23,0xFF,0x75,0x1B,0xFF,0x36,0x44,0xFF,0xDF,0xF7,0xFF,0x1B,0x9E,0xFF,0x9C,0xBE,0xFF,0x34,0x13,0xFF,0xB6,0x23,0xFF,0xB5,0x23,0xFF,0x95,0x23,0xFF,0x95,0x23,0xFF,0x95,0x23,0xFF,
    0x95,0x23,0xFF,0x95,0x23,0xFF,0x95,0x23,0xFF,0xEE,0x11,0xFF,0x31,0x4B,0xFF,0xFF,0xFF,0xFF,0xFF,0xFF,0xFF,0xFF,0xFF,0xFF,0xFF,0xFF,0xFF,0xFF,0xFF,0xFF,0x18,0xF6,0xFF,0xAA,0xE2,0xFF,0xCA,0xE2,0xFF,0x30,0xEC,0xFF,0xF3,0xEC,0xFF,0x50,0xEC,0xFF,
    0xAA,0xE2,0xFF,0x8A,0xE2,0xFF,0x18,0xF6,0xFF,0xFF,0xFF,0xFF,0xFF,0xFF,0xFF,0xFF,0xFF,0xFF,0xFF,0xFF,0xFF,0xFF,0xFF,0xFF,0xFF,0xFF,0xFF,0xFF,0xFF,0xFF,0xFF,0xFF,0xFF,0xFF,0xFF,0xFF,0xFF,0xFF,0xFF,0xBE,0xFF,0xFF,0xBA,0xF6,0xFF,0x58,0xF6,0xFF,
    0x9A,0xF6,0xFF,0x7D,0xFF,0xFF,0xFF,0xFF,0xFF,0xFF,0xFF,0xFF,0xFF,0xFF,0xFF,0xFF,0xFF,0xFF,0xFF,0xFF,0xFF,0xFF,0xFF,0xFF,0xFF,0xFF,0xFF,0xFF,0xFF,0xFF,0xFF,0xFF,0xFF,0x9E,0xEF,0xFF,0x4E,0x2A,0xFF,0x70,0x1A,0xFF,0xB6,0x23,0xFF,0x95,0x23,0xFF,
    0x95,0x23,0xFF,0x95,0x23,0xFF,0x95,0x23,0xFF,0xB6,0x23,0xFF,0xB6,0x23,0xFF,0xB5,0x23,0xFF,0xB5,0x23,0xFF,0xB5,0x23,0xFF,0xB5,0x23,0xFF,0xB5,0x23,0xFF,0x55,0x13,0xFF,0x18,0x6D,0xFF,0xFF,0xFF,0xFF,0xDF,0xFF,0xFF,0xB9,0x8D,0xFF,0x59,0x7D,0xFF,
    0x38,0x75,0xFF,0x1D,0xD7,0xFF,0xFF,0xFF,0xFF,0xDC,0xC6,0xFF,0x75,0x1B,0xFF,0x55,0x13,0xFF,0x1A,0x9E,0xFF,0xFF,0xFF,0xFF,0xFD,0xCE,0xFF,0x95,0x1B,0xFF,0xB5,0x23,0xFF,0xB5,0x23,0xFF,0x75,0x13,0xFF,0x7C,0xB6,0xFF,0xFF,0xFF,0xFF,0x9C,0xBE,0xFF,
    0x54,0x13,0xFF,0xB5,0x23,0xFF,0xB5,0x23,0xFF,0x75,0x1B,0xFF,0xBC,0xBE,0xFF,0xFF,0xFF,0xFF,0x5B,0xAE,0xFF,0x55,0x13,0xFF,0xB6,0x2B,0xFF,0x55,0x13,0xFF,0x18,0x6D,0xFF,0xFF,0xFF,0xFF,0xDF,0xFF,0xFF,0x16,0x3C,0xFF,0x75,0x1B,0xFF,0xB5,0x23,0xFF,
    0xB6,0x23,0xFF,0x96,0x23,0xFF,0xB5,0x2B,0xFF,0x7E,0xE7,0xFF,0xFF,0xFF,0xFF,0xDA,0x95,0xFF,0x55,0x13,0xFF,0xB6,0x23,0xFF,0x95,0x23,0xFF,0x95,0x23,0xFF,0x95,0x23,0xFF,0xB5,0x23,0xFF,0xB6,0x23,0xFF,0xB6,0x23,0xFF,0x95,0x23,0xFF,0x95,0x23,0xFF,
    0x95,0x23,0xFF,0x95,0x23,0xFF,0x95,0x23,0xFF,0xB5,0x23,0xFF,0xB5,0x23,0xFF,0xB5,0x23,0xFF,0xB5,0x23,0xFF,0x75,0x1B,0xFF,0x36,0x44,0xFF,0xDF,0xF7,0xFF,0x1A,0x9E,0xFF,0x9C,0xBE,0xFF,0x34,0x13,0xFF,0xB6,0x23,0xFF,0xB5,0x23,0xFF,0x95,0x23,0xFF,
    0x95,0x23,0xFF,0x95,0x23,0xFF,0x95,0x23,0xFF,0xB6,0x23,0xFF,0x74,0x23,0xFF,0xAC,0x11,0xFF,0xD6,0x8C,0xFF,0xFF,0xFF,0xFF,0xFF,0xFF,0xFF,0xFF,0xFF,0xFF,0xFF,0xFF,0xFF,0x9A,0xF6,0xFF,0x69,0xE2,0xFF,0x8E,0xE3,0xFF,0xFB,0xF6,0xFF,0xFF,0xFF,0xFF,
    0xFF,0xFF,0xFF,0xFF,0xFF,0xFF,0xFB,0xF6,0xFF,0xAE,0xEB,0xFF,0xEB,0xEA,0xFF,0x55,0xED,0xFF,0x1C,0xF7,0xFF,0xFF,0xFF,0xFF,0xFF,0xFF,0xFF,0xFF,0xFF,0xFF,0xFF,0xFF,0xFF,0xFF,0xFF,0xFF,0xFF,0xFF,0xFF,0x5D,0xFF,0xFF,0x14,0xED,0xFF,0x2C,0xE3,0xFF,
    0x69,0xE2,0xFF,0x48,0xE2,0xFF,0x49,0xE2,0xFF,0xEB,0xE2,0xFF,0xF3,0xEC,0xFF,0x9E,0xFF,0xFF,0xFF,0xFF,0xFF,0xFF,0xFF,0xFF,0xFF,0xFF,0xFF,0xFF,0xFF,0xFF,0xFF,0xFF,0xFF,0xFF,0xFF,0xFF,0xFF,0xFF,0xFF,0xFF,0xFF,0xFF,0x92,0x5B,0xFF,0xED,0x11,0xFF,
    0xB5,0x23,0xFF,0xB5,0x23,0xFF,0x95,0x23,0xFF,0x95,0x23,0xFF,0x95,0x23,0xFF,0xB6,0x23,0xFF,0xB6,0x23,0xFF,0xB6,0x23,0xFF,0xB5,0x23,0xFF,0xB6,0x23,0xFF,0xB6,0x23,0xFF,0xB5,0x23,0xFF,0x54,0x13,0xFF,0x7B,0xB6,0xFF,0xFF,0xFF,0xFF,0xFF,0xFF,0xFF,
    0xFF,0xFF,0xFF,0xFF,0xFF,0xFF,0xFF,0xFF,0xFF,0xFF,0xFF,0xFF,0xFF,0xFF,0xFF,0xDF,0xFF,0xFF,0x56,0x44,0xFF,0x34,0x0B,0xFF,0xDA,0x8D,0xFF,0xFF,0xFF,0xFF,0x7E,0xE7,0xFF,0xB5,0x2B,0xFF,0x95,0x23,0xFF,0xB6,0x23,0xFF,0x75,0x1B,0xFF,0x1D,0xD7,0xFF,
    0xFF,0xFF,0xFF,0x3B,0xAE,0xFF,0x54,0x13,0xFF,0xB5,0x23,0xFF,0xB5,0x23,0xFF,0x75,0x1B,0xFF,0xBC,0xBE,0xFF,0xFF,0xFF,0xFF,0x5B,0xAE,0xFF,0x54,0x13,0xFF,0xB5,0x23,0xFF,0x75,0x1B,0xFF,0x57,0x44,0xFF,0xFF,0xFF,0xFF,0xFF,0xFF,0xFF,0x79,0x85,0xFF,
    0x34,0x0B,0xFF,0xD6,0x2B,0xFF,0xD6,0x2B,0xFF,0x55,0x13,0xFF,0xD8,0x64,0xFF,0xFF,0xFF,0xFF,0xFF,0xFF,0xFF,0xD8,0x64,0xFF,0x55,0x13,0xFF,0xB5,0x23,0xFF,0x95,0x23,0xFF,0xB5,0x23,0xFF,0x95,0x23,0xFF,0xB5,0x23,0xFF,0xB6,0x23,0xFF,0xB6,0x23,0xFF,
    0x95,0x23,0xFF,0x95,0x23,0xFF,0xB5,0x23,0xFF,0x95,0x23,0xFF,0x95,0x23,0xFF,0xB5,0x23,0xFF,0xB5,0x23,0xFF,0x95,0x23,0xFF,0xB5,0x23,0xFF,0x75,0x1B,0xFF,0x36,0x44,0xFF,0xDF,0xF7,0xFF,0x1B,0x9E,0xFF,0x9C,0xBE,0xFF,0x34,0x13,0xFF,0xB5,0x23,0xFF,
    0xB5,0x23,0xFF,0x95,0x23,0xFF,0x95,0x23,0xFF,0x95,0x23,0xFF,0x95,0x23,0xFF,0xB6,0x23,0xFF,0x33,0x23,0xFF,0xAC,0x11,0xFF,0xF9,0xB5,0xFF,0xFF,0xFF,0xFF,0xFF,0xFF,0xFF,0xFF,0xFF,0xFF,0xBE,0xFF,0xFF,0x6D,0xE3,0xFF,0x8E,0xE3,0xFF,0x9E,0xFF,0xFF,
    0xFF,0xFF,0xFF,0xFF,0xFF,0xFF,0xFF,0xFF,0xFF,0xFF,0xFF,0xFF,0xFF,0xFF,0xFF,0x9E,0xFF,0xFF,0x6D,0xE3,0xFF,0x08,0xE2,0xFF,0x0B,0xE3,0xFF,0x1C,0xF7,0xFF,0xFF,0xFF,0xFF,0xFF,0xFF,0xFF,0xFF,0xFF,0xFF,0xFF,0xFF,0xFF,0xF7,0xED,0xFF,0xEB,0xE2,0xFF,
    0x28,0xE2,0xFF,0xAE,0xE3,0xFF,0x34,0xED,0xFF,0xD7,0xF5,0xFF,0x95,0xED,0xFF,0x30,0xEC,0xFF,0x49,0xE2,0xFF,0x2C,0xE3,0xFF,0x1C,0xF7,0xFF,0xFF,0xFF,0xFF,0xFF,0xFF,0xFF,0xFF,0xFF,0xFF,0xFF,0xFF,0xFF,0xFF,0xFF,0xFF,0xFF,0xFF,0xFF,0xFF,0xFF,0xFF,
    0xB5,0x84,0xFF,0xAC,0x11,0xFF,0x75,0x23,0xFF,0xB6,0x23,0xFF,0x95,0x23,0xFF,0x95,0x23,0xFF,0x95,0x23,0xFF,0xB6,0x23,0xFF,0xB6,0x23,0xFF,0xB6,0x23,0xFF,0xB6,0x23,0xFF,0xB6,0x23,0xFF,0xB6,0x23,0xFF,0x95,0x1B,0xFF,0xF6,0x33,0xFF,0xBF,0xEF,0xFF,
    0xFF,0xFF,0xFF,0xBE,0xEF,0xFF,0x7E,0xE7,0xFF,0x7E,0xE7,0xFF,0x7E,0xE7,0xFF,0x9E,0xEF,0xFF,0xFF,0xFF,0xFF,0xFF,0xFF,0xFF,0xBA,0x8D,0xFF,0x14,0x03,0xFF,0xF8,0x64,0xFF,0xFF,0xFF,0xFF,0xFF,0xFF,0xFF,0x79,0x7D,0xFF,0x34,0x0B,0xFF,0x34,0x0B,0xFF,
    0xD8,0x64,0xFF,0xFF,0xFF,0xFF,0xFF,0xFF,0xFF,0x79,0x7D,0xFF,0x54,0x13,0xFF,0xB5,0x23,0xFF,0xB5,0x23,0xFF,0x75,0x1B,0xFF,0xBC,0xBE,0xFF,0xFF,0xFF,0xFF,0x5B,0xAE,0xFF,0x54,0x13,0xFF,0xB6,0x23,0xFF,0xB6,0x23,0xFF,0x75,0x1B,0xFF,0xFD,0xCE,0xFF,
    0xFF,0xFF,0xFF,0xBF,0xEF,0xFF,0x97,0x54,0xFF,0x54,0x13,0xFF,0x54,0x13,0xFF,0x16,0x3C,0xFF,0x5E,0xDF,0xFF,0xFF,0xFF,0xFF,0x9E,0xEF,0xFF,0xB5,0x2B,0xFF,0x95,0x1B,0xFF,0xB5,0x23,0xFF,0x95,0x23,0xFF,0x95,0x23,0xFF,0x95,0x23,0xFF,0x96,0x23,0xFF,
    0x96,0x23,0xFF,0x95,0x23,0xFF,0x95,0x23,0xFF,0x95,0x23,0xFF,0xB5,0x23,0xFF,0xB5,0x23,0xFF,0x95,0x23,0xFF,0x95,0x23,0xFF,0x95,0x23,0xFF,0x95,0x23,0xFF,0xB5,0x23,0xFF,0x75,0x1B,0xFF,0x36,0x44,0xFF,0xDF,0xF7,0xFF,0x1A,0x9E,0xFF,0x9C,0xBE,0xFF,
    0x34,0x13,0xFF,0xB5,0x23,0xFF,0xB5,0x23,0xFF,0x95,0x23,0xFF,0xB5,0x23,0xFF,0xB5,0x23,0xFF,0x95,0x23,0xFF,0xB6,0x23,0xFF,0xF2,0x22,0xFF,0xCC,0x19,0xFF,0xBB,0xCE,0xFF,0xFF,0xFF,0xFF,0xDF,0xFF,0xFF,0xFF,0xFF,0xFF,0x96,0xED,0xFF,0x69,0xE2,0xFF,
    0x1C,0xF7,0xFF,0xFF,0xFF,0xFF,0xDF,0xFF,0xFF,0xFF,0xFF,0xFF,0xFF,0xFF,0xFF,0xFF,0xFF,0xFF,0xFF,0xFF,0xFF,0xFF,0xFF,0xFF,0x5D,0xFF,0xFF,0x18,0xF6,0xFF,0x4C,0xE3,0xFF,0x71,0xEC,0xFF,0xFF,0xFF,0xFF,0xFF,0xFF,0xFF,0xBE,0xFF,0xFF,0xB2,0xEC,0xFF,
    0x69,0xE2,0xFF,0x8D,0xE3,0xFF,0x38,0xF6,0xFF,0xDF,0xFF,0xFF,0xFF,0xFF,0xFF,0xFF,0xFF,0xFF,0xFF,0xFF,0xFF,0xFF,0xFF,0xFF,0x38,0xF6,0xFF,0xCB,0xE2,0xFF,0x4D,0xE3,0xFF,0x7D,0xFF,0xFF,0xFF,0xFF,0xFF,0xFF,0xFF,0xFF,0xFF,0xFF,0xFF,0xFF,0xFF,0xFF,
    0xFF,0xFF,0xFF,0xFF,0xFF,0xFF,0x78,0xA5,0xFF,0x8C,0x11,0xFF,0x54,0x23,0xFF,0xB6,0x23,0xFF,0x95,0x23,0xFF,0x95,0x23,0xFF,0x96,0x23,0xFF,0xB6,0x23,0xFF,0xB6,0x23,0xFF,0xB6,0x23,0xFF,0xB6,0x23,0xFF,0xB6,0x23,0xFF,0xB6,0x23,0xFF,0x55,0x13,0xFF,
    0xF8,0x6C,0xFF,0xFF,0xFF,0xFF,0xBF,0xF7,0xFF,0x36,0x44,0xFF,0xB5,0x23,0xFF,0xD5,0x2B,0xFF,0xD5,0x2B,0xFF,0x95,0x23,0xFF,0x9C,0xB6,0xFF,0xFF,0xFF,0xFF,0xFD,0xCE,0xFF,0x74,0x1B,0xFF,0x95,0x23,0xFF,0x7E,0xE7,0xFF,0xFF,0xFF,0xFF,0xFF,0xFF,0xFF,
    0x9C,0xBE,0xFF,0x7B,0xAE,0xFF,0xBF,0xF7,0xFF,0xFF,0xFF,0xFF,0xDF,0xF7,0xFF,0xF6,0x33,0xFF,0x75,0x1B,0xFF,0xB5,0x23,0xFF,0xB5,0x23,0xFF,0x75,0x1B,0xFF,0xBC,0xBE,0xFF,0xFF,0xFF,0xFF,0x5B,0xAE,0xFF,0x55,0x13,0xFF,0xB6,0x23,0xFF,0xB6,0x23,0xFF,
    0x75,0x13,0xFF,0xB7,0x5C,0xFF,0xFF,0xFF,0xFF,0xFF,0xFF,0xFF,0xDF,0xF7,0xFF,0x7B,0xB6,0xFF,0x5B,0xAE,0xFF,0x9E,0xEF,0xFF,0xFF,0xFF,0xFF,0xFF,0xFF,0xFF,0x79,0x7D,0xFF,0x54,0x13,0xFF,0xB5,0x23,0xFF,0x95,0x23,0xFF,0x95,0x23,0xFF,0x95,0x23,0xFF,
    0x95,0x23,0xFF,0xB6,0x23,0xFF,0x95,0x23,0xFF,0x95,0x23,0xFF,0x95,0x23,0xFF,0x95,0x23,0xFF,0x95,0x23,0xFF,0x95,0x23,0xFF,0x95,0x23,0xFF,0x95,0x23,0xFF,0x95,0x23,0xFF,0x95,0x23,0xFF,0xB5,0x23,0xFF,0x75,0x1B,0xFF,0x36,0x44,0xFF,0xDF,0xF7,0xFF,
    0x1B,0x9E,0xFF,0x9C,0xBE,0xFF,0x34,0x13,0xFF,0xB6,0x23,0xFF,0xB5,0x23,0xFF,0xB5,0x23,0xFF,0xB6,0x23,0xFF,0xB5,0x23,0xFF,0x95,0x23,0xFF,0xB6,0x23,0xFF,0xD2,0x22,0xFF,0xED,0x21,0xFF,0xFC,0xD6,0xFF,0xFF,0xFF,0xFF,0xFF,0xFF,0xFF,0xFF,0xFF,0xFF,
    0x6D,0xE3,0xFF,0x51,0xEC,0xFF,0xFF,0xFF,0xFF,0xFF,0xFF,0xFF,0xFF,0xFF,0xFF,0xFF,0xFF,0xFF,0xFF,0xFF,0xFF,0xFF,0xFF,0xFF,0xFF,0xFF,0xFF,0xFF,0xFF,0xFF,0xFF,0xFF,0xFF,0xFF,0xFF,0xFF,0x14,0xED,0xFF,0x2C,0xE3,0xFF,0xFF,0xFF,0xFF,0x3C,0xF7,0xFF,
    0xAE,0xE3,0xFF,0x28,0xE2,0xFF,0xD3,0xEC,0xFF,0xBE,0xFF,0xFF,0xFF,0xFF,0xFF,0xFF,0xFF,0xFF,0xFF,0xFF,0xFF,0xFF,0xFF,0xFF,0xFF,0xFF,0xFF,0xFF,0xFF,0xFF,0xFF,0xFF,0xFF,0x1B,0xF7,0xFF,0xEB,0xE2,0xFF,0x71,0xEC,0xFF,0xFF,0xFF,0xFF,0xFF,0xFF,0xFF,
    0xFF,0xFF,0xFF,0xFF,0xFF,0xFF,0xFF,0xFF,0xFF,0xFF,0xFF,0xFF,0xB8,0xAD,0xFF,0x8C,0x11,0xFF,0x54,0x23,0xFF,0xB6,0x23,0xFF,0x95,0x23,0xFF,0x95,0x23,0xFF,0x95,0x23,0xFF,0xB6,0x23,0xFF,0xB6,0x23,0xFF,0xB6,0x23,0xFF,0xB6,0x23,0xFF,0xB6,0x23,0xFF,
    0xB5,0x23,0xFF,0x55,0x1B,0xFF,0xBC,0xBE,0xFF,0xFF,0xFF,0xFF,0xBC,0xBE,0xFF,0x54,0x13,0xFF,0x95,0x23,0xFF,0x95,0x1B,0xFF,0xB6,0x23,0xFF,0x55,0x13,0xFF,0x18,0x6D,0xFF,0xFF,0xFF,0xFF,0xFF,0xFF,0xFF,0x97,0x54,0xFF,0x34,0x0B,0xFF,0xD8,0x64,0xFF,
    0xFF,0xFF,0xFF,0xFF,0xFF,0xFF,0xFF,0xFF,0xFF,0xFF,0xFF,0xFF,0xFF,0xFF,0xFF,0xFF,0xFF,0xFF,0x59,0x7D,0xFF,0x55,0x13,0xFF,0xB5,0x23,0xFF,0x95,0x23,0xFF,0xB5,0x23,0xFF,0x75,0x13,0xFF,0xDC,0xC6,0xFF,0xFF,0xFF,0xFF,0x9C,0xB6,0xFF,0x55,0x13,0xFF,
    0xB6,0x23,0xFF,0xB6,0x23,0xFF,0xB6,0x23,0xFF,0x55,0x13,0xFF,0x79,0x85,0xFF,0xFF,0xFF,0xFF,0xFF,0xFF,0xFF,0xFF,0xFF,0xFF,0xFF,0xFF,0xFF,0xFF,0xFF,0xFF,0xFF,0xFF,0xFF,0x3B,0xA6,0xFF,0x75,0x1B,0xFF,0xB5,0x23,0xFF,0x95,0x23,0xFF,0x95,0x23,0xFF,
    0x95,0x23,0xFF,0x95,0x23,0xFF,0x95,0x23,0xFF,0xB6,0x23,0xFF,0xB5,0x23,0xFF,0x95,0x23,0xFF,0x95,0x23,0xFF,0x95,0x23,0xFF,0x95,0x23,0xFF,0x95,0x23,0xFF,0x95,0x23,0xFF,0x95,0x23,0xFF,0x95,0x23,0xFF,0x95,0x23,0xFF,0xB5,0x23,0xFF,0x75,0x1B,0xFF,
    0x36,0x44,0xFF,0xDF,0xF7,0xFF,0x1B,0x9E,0xFF,0x9C,0xBE,0xFF,0x54,0x13,0xFF,0xB6,0x23,0xFF,0xB5,0x23,0xFF,0xB5,0x23,0xFF,0xB5,0x23,0xFF,0xB5,0x23,0xFF,0x95,0x23,0xFF,0xB6,0x23,0xFF,0xD2,0x22,0xFF,0xED,0x21,0xFF,0xFC,0xDE,0xFF,0xFF,0xFF,0xFF,
    0xFF,0xFF,0xFF,0x5D,0xFF,0xFF,0xAA,0xE2,0xFF,0x59,0xF6,0xFF,0xFF,0xFF,0xFF,0xFF,0xFF,0xFF,0xFF,0xFF,0xFF,0xFF,0xFF,0xFF,0xFF,0xFF,0xFF,0xFF,0xFF,0xFF,0xFF,0xFF,0xFF,0xFF,0xFF,0xFF,0xDF,0xFF,0xFF,0xFF,0xFF,0xFF,0x75,0xF5,0xFF,0x0C,0xE3,0xFF,
    0x18,0xF6,0xFF,0x2C,0xE3,0xFF,0xAA,0xE2,0xFF,0xD7,0xED,0xFF,0xFF,0xFF,0xFF,0xFF,0xFF,0xFF,0xFF,0xFF,0xFF,0xFF,0xFF,0xFF,0xFF,0xFF,0xFF,0xFF,0xFF,0xFF,0xFF,0xFF,0xFF,0xFF,0xFF,0xFF,0xDF,0xFF,0xFF,0xFF,0xFF,0xFF,0xD7,0xF5,0xFF,0x69,0xE2,0xFF,
    0xFB,0xF6,0xFF,0xFF,0xFF,0xFF,0xFF,0xFF,0xFF,0xFF,0xFF,0xFF,0xFF,0xFF,0xFF,0xFF,0xFF,0xFF,0xD9,0xAD,0xFF,0x8C,0x11,0xFF,0x54,0x23,0xFF,0xB6,0x23,0xFF,0x95,0x23,0xFF,0x95,0x23,0xFF,0x95,0x23,0xFF,0xB6,0x23,0xFF,0xB6,0x23,0xFF,0xB6,0x23,0xFF,
    0x95,0x23,0xFF,0xB5,0x23,0xFF,0x95,0x1B,0xFF,0xD5,0x2B,0xFF,0xBC,0xBE,0xFF,0xFD,0xCE,0xFF,0x18,0x6D,0xFF,0x75,0x13,0xFF,0xB6,0x23,0xFF,0xB6,0x23,0xFF,0xB6,0x23,0xFF,0x96,0x1B,0xFF,0xF6,0x2B,0xFF,0xBC,0xBE,0xFF,0xFD,0xD6,0xFF,0x39,0x75,0xFF,
    0x75,0x13,0xFF,0x75,0x1B,0xFF,0x97,0x54,0xFF,0xBC,0xBE,0xFF,0x7E,0xE7,0xFF,0x7E,0xE7,0xFF,0xFD,0xCE,0xFF,0x18,0x6D,0xFF,0x55,0x1B,0xFF,0xB5,0x23,0xFF,0x95,0x23,0xFF,0x95,0x23,0xFF,0xB5,0x23,0xFF,0x75,0x1B,0xFF,0xFA,0x9D,0xFF,0xFD,0xCE,0xFF,
    0xBA,0x8D,0xFF,0x75,0x1B,0xFF,0xB6,0x23,0xFF,0xB6,0x23,0xFF,0x95,0x23,0xFF,0xB5,0x23,0xFF,0x55,0x13,0xFF,0xD7,0x5C,0xFF,0xBC,0xBE,0xFF,0x7E,0xE7,0xFF,0x7E,0xE7,0xFF,0xFD,0xCE,0xFF,0x38,0x75,0xFF,0x75,0x1B,0xFF,0x95,0x23,0xFF,0x95,0x23,0xFF,
    0x95,0x23,0xFF,0x95,0x23,0xFF,0x95,0x23,0xFF,0x95,0x23,0xFF,0x95,0x23,0xFF,0x95,0x23,0xFF,0x95,0x23,0xFF,0x95,0x23,0xFF,0x95,0x23,0xFF,0x95,0x23,0xFF,0x95,0x23,0xFF,0x95,0x23,0xFF,0x95,0x23,0xFF,0x95,0x23,0xFF,0x95,0x23,0xFF,0x95,0x23,0xFF,
    0xB5,0x23,0xFF,0x75,0x1B,0xFF,0x36,0x44,0xFF,0xDF,0xF7,0xFF,0x1B,0x9E,0xFF,0x9C,0xBE,0xFF,0x54,0x13,0xFF,0xB6,0x23,0xFF,0xB5,0x23,0xFF,0xB5,0x23,0xFF,0x95,0x23,0xFF,0x95,0x23,0xFF,0x95,0x23,0xFF,0xB6,0x23,0xFF,0xD2,0x22,0xFF,0xED,0x21,0xFF,
    0xFC,0xDE,0xFF,0xFF,0xFF,0xFF,0xFF,0xFF,0xFF,0x79,0xF6,0xFF,0xCB,0xE2,0xFF,0x7D,0xFF,0xFF,0xFF,0xFF,0xFF,0xFF,0xFF,0xFF,0xFF,0xFF,0xFF,0xFF,0xFF,0xFF,0xFF,0xFF,0xFF,0xB2,0xEC,0xFF,0xF7,0xF5,0xFF,0xFF,0xFF,0xFF,0xDF,0xFF,0xFF,0xFF,0xFF,0xFF,
    0xB6,0xF5,0xFF,0xAA,0xE2,0xFF,0x69,0xE2,0xFF,0x2C,0xE3,0xFF,0xBA,0xF6,0xFF,0xFF,0xFF,0xFF,0xFF,0xFF,0xFF,0xFF,0xFF,0xFF,0xFF,0xFF,0xFF,0xFF,0xFF,0xFF,0xFF,0xFF,0xFF,0xFF,0xFF,0xFF,0xFF,0xFF,0xFF,0xFF,0xFF,0xFF,0xFF,0xFF,0xFF,0xFF,0xFF,0xFF,
    0xDF,0xFF,0xFF,0x2C,0xE3,0xFF,0x14,0xED,0xFF,0xFF,0xFF,0xFF,0xFF,0xFF,0xFF,0xFF,0xFF,0xFF,0xFF,0xFF,0xFF,0xFF,0xFF,0xFF,0xD9,0xAD,0xFF,0x8C,0x11,0xFF,0x54,0x23,0xFF,0xB6,0x23,0xFF,0x95,0x23,0xFF,0x95,0x23,0xFF,0xB6,0x23,0xFF,0xB6,0x23,0xFF,
    0xB6,0x23,0xFF,0x96,0x23,0xFF,0xB6,0x23,0xFF,0xB5,0x23,0xFF,0x95,0x23,0xFF,0xB5,0x23,0xFF,0x75,0x1B,0xFF,0x75,0x1B,0xFF,0x95,0x1B,0xFF,0xB5,0x23,0xFF,0xB6,0x23,0xFF,0xB6,0x23,0xFF,0xB6,0x23,0xFF,0xB6,0x23,0xFF,0x95,0x23,0xFF,0x75,0x1B,0xFF,
    0x75,0x1B,0xFF,0x95,0x23,0xFF,0x95,0x23,0xFF,0xB5,0x23,0xFF,0x75,0x1B,0xFF,0x75,0x1B,0xFF,0xD5,0x2B,0xFF,0xD5,0x2B,0xFF,0x75,0x1B,0xFF,0x55,0x13,0xFF,0xB5,0x23,0xFF,0x95,0x23,0xFF,0x95,0x23,0xFF,0x95,0x23,0xFF,0x95,0x23,0xFF,0x95,0x23,0xFF,
    0x95,0x1B,0xFF,0x75,0x1B,0xFF,0x95,0x1B,0xFF,0xB5,0x23,0xFF,0xB5,0x23,0xFF,0x95,0x23,0xFF,0x95,0x23,0xFF,0x95,0x23,0xFF,0xB5,0x23,0xFF,0x75,0x13,0xFF,0x75,0x1B,0xFF,0xD5,0x2B,0xFF,0xD5,0x2B,0xFF,0x75,0x1B,0xFF,0x55,0x13,0xFF,0xB5,0x23,0xFF,
    0x95,0x23,0xFF,0x95,0x23,0xFF,0x95,0x23,0xFF,0x95,0x23,0xFF,0x95,0x23,0xFF,0x95,0x23,0xFF,0x95,0x23,0xFF,0x95,0x23,0xFF,0x95,0x23,0xFF,0x95,0x23,0xFF,0x95,0x23,0xFF,0x95,0x23,0xFF,0x95,0x23,0xFF,0x95,0x23,0xFF,0x95,0x23,0xFF,0x95,0x23,0xFF,
    0x95,0x23,0xFF,0x95,0x23,0xFF,0xB5,0x23,0xFF,0x75,0x1B,0xFF,0x36,0x44,0xFF,0xDF,0xF7,0xFF,0x1B,0x9E,0xFF,0x9C,0xBE,0xFF,0x34,0x13,0xFF,0xB6,0x23,0xFF,0xB5,0x23,0xFF,0xB5,0x23,0xFF,0x95,0x23,0xFF,0x95,0x23,0xFF,0x95,0x23,0xFF,0xB6,0x23,0xFF,
    0xD2,0x22,0xFF,0xED,0x21,0xFF,0xFC,0xDE,0xFF,0xFF,0xFF,0xFF,0xFF,0xFF,0xFF,0xD7,0xF5,0xFF,0x0C,0xE3,0xFF,0xDF,0xFF,0xFF,0xFF,0xFF,0xFF,0xFF,0xFF,0xFF,0xFF,0xFF,0xFF,0xFF,0xFF,0xFF,0xFF,0xFF,0xFF,0xCE,0xEB,0xFF,0xB2,0xEC,0xFF,0xFF,0xFF,0xFF,
    0xDF,0xFF,0xFF,0xFF,0xFF,0xFF,0xD7,0xF5,0xFF,0xAA,0xE2,0xFF,0x14,0xED,0xFF,0x7D,0xFF,0xFF,0xFF,0xFF,0xFF,0xFF,0xFF,0xFF,0xFF,0xFF,0xFF,0xFF,0xFF,0xFF,0xFF,0xFF,0xFF,0x58,0xF6,0xFF,0x55,0xED,0xFF,0xFF,0xFF,0xFF,0xFF,0xFF,0xFF,0xFF,0xFF,0xFF,
    0xFF,0xFF,0xFF,0xFF,0xFF,0xFF,0xFF,0xFF,0xFF,0xB2,0xEC,0xFF,0xCF,0xEB,0xFF,0xFF,0xFF,0xFF,0xFF,0xFF,0xFF,0xFF,0xFF,0xFF,0xFF,0xFF,0xFF,0xFF,0xFF,0xFF,0xD9,0xAD,0xFF,0x8C,0x11,0xFF,0x54,0x23,0xFF,0xB6,0x23,0xFF,0x95,0x23,0xFF,0x95,0x23,0xFF,
    0x95,0x23,0xFF,0xB6,0x23,0xFF,0xB6,0x23,0xFF,0xB6,0x23,0xFF,0xB5,0x23,0xFF,0xB5,0x23,0xFF,0x95,0x23,0xFF,0x95,0x23,0xFF,0xB5,0x23,0xFF,0xB5,0x23,0xFF,0xB5,0x23,0xFF,0x95,0x23,0xFF,0xB6,0x23,0xFF,0xB6,0x23,0xFF,0x95,0x23,0xFF,0xB6,0x23,0xFF,
    0x95,0x23,0xFF,0xB6,0x23,0xFF,0xB6,0x23,0xFF,0x95,0x23,0xFF,0x95,0x23,0xFF,0x95,0x23,0xFF,0xB5,0x23,0xFF,0xB5,0x23,0xFF,0x95,0x1B,0xFF,0x95,0x1B,0xFF,0xB5,0x23,0xFF,0xB5,0x23,0xFF,0x95,0x23,0xFF,0x95,0x23,0xFF,0x95,0x23,0xFF,0x95,0x23,0xFF,
    0x95,0x23,0xFF,0x95,0x23,0xFF,0xB5,0x23,0xFF,0xB5,0x23,0xFF,0xB5,0x23,0xFF,0x95,0x23,0xFF,0x95,0x23,0xFF,0x95,0x23,0xFF,0x95,0x23,0xFF,0x95,0x23,0xFF,0x95,0x23,0xFF,0xB5,0x23,0xFF,0xB5,0x23,0xFF,0x95,0x1B,0xFF,0x95,0x1B,0xFF,0xB5,0x23,0xFF,
    0xB5,0x23,0xFF,0x95,0x23,0xFF,0x95,0x23,0xFF,0x95,0x23,0xFF,0x95,0x23,0xFF,0x95,0x23,0xFF,0x95,0x23,0xFF,0x95,0x23,0xFF,0x95,0x23,0xFF,0x95,0x23,0xFF,0x95,0x23,0xFF,0x95,0x23,0xFF,0x95,0x23,0xFF,0x95,0x23,0xFF,0x95,0x23,0xFF,0x95,0x23,0xFF,
    0x95,0x23,0xFF,0x95,0x23,0xFF,0x95,0x23,0xFF,0x95,0x23,0xFF,0xB5,0x23,0xFF,0x75,0x1B,0xFF,0x36,0x44,0xFF,0xDF,0xF7,0xFF,0x1B,0x9E,0xFF,0x9C,0xBE,0xFF,0x34,0x13,0xFF,0xB6,0x23,0xFF,0xB6,0x23,0xFF,0xB5,0x23,0xFF,0x95,0x23,0xFF,0x95,0x23,0xFF,
    0x95,0x23,0xFF,0xB6,0x23,0xFF,0xD2,0x22,0xFF,0xED,0x21,0xFF,0xFC,0xDE,0xFF,0xFF,0xFF,0xFF,0xFF,0xFF,0xFF,0xF7,0xF5,0xFF,0x0C,0xE3,0xFF,0xBF,0xFF,0xFF,0xFF,0xFF,0xFF,0xFF,0xFF,0xFF,0xFF,0xFF,0xFF,0xFF,0xFF,0xFF,0x5D,0xFF,0xFF,0xEB,0xE2,0xFF,
    0x96,0xF5,0xFF,0xFF,0xFF,0xFF,0xDF,0xFF,0xFF,0xFF,0xFF,0xFF,0x96,0xF5,0xFF,0x2C,0xE3,0xFF,0xFF,0xFF,0xFF,0xFF,0xFF,0xFF,0xFF,0xFF,0xFF,0xFF,0xFF,0xFF,0xFF,0xFF,0xFF,0xFF,0xFF,0xFF,0x96,0xED,0xFF,0x28,0xE2,0xFF,0xAE,0xE3,0xFF,0xFF,0xFF,0xFF,
    0xFF,0xFF,0xFF,0xFF,0xFF,0xFF,0xFF,0xFF,0xFF,0xFF,0xFF,0xFF,0xFF,0xFF,0xFF,0x55,0xF5,0xFF,0x4D,0xE3,0xFF,0xFF,0xFF,0xFF,0xFF,0xFF,0xFF,0xFF,0xFF,0xFF,0xFF,0xFF,0xFF,0xFF,0xFF,0xFF,0xD9,0xAD,0xFF,0x8C,0x11,0xFF,0x54,0x23,0xFF,0xB6,0x23,0xFF,
    0x95,0x23,0xFF,0x95,0x23,0xFF,0x96,0x23,0xFF,0xB6,0x23,0xFF,0xB5,0x23,0xFF,0x95,0x23,0xFF,0x95,0x23,0xFF,0x95,0x23,0xFF,0x95,0x23,0xFF,0x95,0x23,0xFF,0x95,0x23,0xFF,0x95,0x23,0xFF,0x95,0x23,0xFF,0x95,0x23,0xFF,0x95,0x23,0xFF,0x95,0x23,0xFF,
    0x95,0x23,0xFF,0x95,0x23,0xFF,0x95,0x23,0xFF,0x95,0x23,0xFF,0x95,0x23,0xFF,0x95,0x23,0xFF,0xB6,0x23,0xFF,0xB5,0x23,0xFF,0xB5,0x23,0xFF,0xB5,0x23,0xFF,0x95,0x23,0xFF,0x95,0x23,0xFF,0x95,0x23,0xFF,0x95,0x23,0xFF,0x95,0x23,0xFF,0x95,0x23,0xFF,
    0x95,0x23,0xFF,0x95,0x23,0xFF,0x95,0x23,0xFF,0x95,0x23,0xFF,0x95,0x23,0xFF,0x95,0x23,0xFF,0x95,0x23,0xFF,0x95,0x23,0xFF,0x95,0x23,0xFF,0x95,0x23,0xFF,0x95,0x23,0xFF,0x95,0x23,0xFF,0x95,0x23,0xFF,0x95,0x23,0xFF,0x95,0x23,0xFF,0x95,0x23,0xFF,
    0x95,0x23,0xFF,0x95,0x23,0xFF,0x95,0x23,0xFF,0x95,0x23,0xFF,0x95,0x23,0xFF,0x95,0x23,0xFF,0x95,0x23,0xFF,0x95,0x23,0xFF,0x95,0x23,0xFF,0x95,0x23,0xFF,0x95,0x23,0xFF,0x95,0x23,0xFF,0x95,0x23,0xFF,0x95,0x23,0xFF,0xB6,0x23,0xFF,0x95,0x23,0xFF,
    0x95,0x23,0xFF,0x95,0x23,0xFF,0x95,0x23,0xFF,0x95,0x23,0xFF,0x95,0x23,0xFF,0x95,0x23,0xFF,0xB5,0x23,0xFF,0x75,0x1B,0xFF,0x36,0x44,0xFF,0xDF,0xF7,0xFF,0x1B,0x9E,0xFF,0x9C,0xBE,0xFF,0x34,0x13,0xFF,0xB6,0x23,0xFF,0x95,0x23,0xFF,0x95,0x23,0xFF,
    0x95,0x23,0xFF,0x95,0x23,0xFF,0x95,0x23,0xFF,0xB6,0x23,0xFF,0xD2,0x22,0xFF,0xED,0x21,0xFF,0xFC,0xDE,0xFF,0xFF,0xFF,0xFF,0xFF,0xFF,0xFF,0x79,0xF6,0xFF,0xCB,0xE2,0xFF,0x5D,0xFF,0xFF,0xFF,0xFF,0xFF,0xFF,0xFF,0xFF,0xFF,0xFF,0xFF,0x1C,0xF7,0xFF,
    0xCB,0xE2,0xFF,0xEB,0xE2,0xFF,0x5D,0xFF,0xFF,0xFF,0xFF,0xFF,0xDF,0xFF,0xFF,0xFF,0xFF,0xFF,0x14,0xED,0xFF,0x6D,0xE3,0xFF,0xFF,0xFF,0xFF,0xFF,0xFF,0xFF,0xFF,0xFF,0xFF,0xFF,0xFF,0xFF,0xFF,0xFF,0xFF,0x18,0xF6,0xFF,0x49,0xE2,0xFF,0x30,0xEC,0xFF,
    0x7D,0xFF,0xFF,0xFF,0xFF,0xFF,0xFF,0xFF,0xFF,0xFF,0xFF,0xFF,0xFF,0xFF,0xFF,0xFF,0xFF,0xFF,0xFF,0xFF,0xFF,0x55,0xF5,0xFF,0x4D,0xE3,0xFF,0xFF,0xFF,0xFF,0xFF,0xFF,0xFF,0xFF,0xFF,0xFF,0xFF,0xFF,0xFF,0xFF,0xFF,0xFF,0xD9,0xAD,0xFF,0x8C,0x11,0xFF,
    0x54,0x23,0xFF,0xB6,0x23,0xFF,0x95,0x23,0xFF,0x95,0x23,0xFF,0x95,0x23,0xFF,0xB6,0x23,0xFF,0x95,0x23,0xFF,0x95,0x23,0xFF,0x95,0x23,0xFF,0x95,0x23,0xFF,0x95,0x23,0xFF,0x95,0x23,0xFF,0x95,0x23,0xFF,0x95,0x23,0xFF,0x95,0x23,0xFF,0x95,0x23,0xFF,
    0x95,0x23,0xFF,0x95,0x23,0xFF,0x95,0x23,0xFF,0x95,0x23,0xFF,0xB6,0x23,0xFF,0xB6,0x23,0xFF,0x95,0x23,0xFF,0xB5,0x23,0xFF,0xB6,0x23,0xFF,0xB6,0x23,0xFF,0xB5,0x23,0xFF,0xB6,0x23,0xFF,0x95,0x23,0xFF,0x95,0x23,0xFF,0x95,0x23,0xFF,0x95,0x23,0xFF,
    0x95,0x23,0xFF,0x95,0x23,0xFF,0x95,0x23,0xFF,0x95,0x23,0xFF,0x95,0x23,0xFF,0x95,0x23,0xFF,0xB6,0x23,0xFF,0x95,0x23,0xFF,0xB5,0x23,0xFF,0xB6,0x23,0xFF,0x95,0x23,0xFF,0x95,0x23,0xFF,0x95,0x23,0xFF,0x95,0x23,0xFF,0x95,0x23,0xFF,0x95,0x23,0xFF,
    0x95,0x23,0xFF,0x95,0x23,0xFF,0x95,0x23,0xFF,0xB5,0x23,0xFF,0xB5,0x23,0xFF,0x95,0x23,0xFF,0x95,0x23,0xFF,0x95,0x23,0xFF,0x95,0x23,0xFF,0x95,0x23,0xFF,0x95,0x23,0xFF,0xB5,0x23,0xFF,0x96,0x23,0xFF,0x95,0x23,0xFF,0x95,0x23,0xFF,0x95,0x23,0xFF,
    0xB6,0x23,0xFF,0x95,0x23,0xFF,0x95,0x23,0xFF,0x95,0x23,0xFF,0x95,0x23,0xFF,0x95,0x23,0xFF,0x95,0x23,0xFF,0x95,0x23,0xFF,0xB5,0x23,0xFF,0x75,0x1B,0xFF,0x36,0x44,0xFF,0xDF,0xF7,0xFF,0x1A,0x9E,0xFF,0x9C,0xBE,0xFF,0x34,0x13,0xFF,0xB5,0x23,0xFF,
    0x95,0x23,0xFF,0x95,0x23,0xFF,0x95,0x23,0xFF,0x95,0x23,0xFF,0x95,0x23,0xFF,0xB6,0x23,0xFF,0xD1,0x22,0xFF,0xED,0x21,0xFF,0xFC,0xDE,0xFF,0xFF,0xFF,0xFF,0xFF,0xFF,0xFF,0x7D,0xFF,0xFF,0xAA,0xE2,0xFF,0xF7,0xF5,0xFF,0xFF,0xFF,0xFF,0xDF,0xFF,0xFF,
    0xFF,0xFF,0xFF,0x3C,0xFF,0xFF,0x10,0xE4,0xFF,0x9A,0xF6,0xFF,0xFF,0xFF,0xFF,0xFF,0xFF,0xFF,0xFF,0xFF,0xFF,0xFF,0xFF,0xFF,0xEF,0xEB,0xFF,0x30,0xEC,0xFF,0xFF,0xFF,0xFF,0xDF,0xFF,0xFF,0xFF,0xFF,0xFF,0xFF,0xFF,0xFF,0x5D,0xFF,0xFF,0xAA,0xE2,0xFF,
    0x10,0xEC,0xFF,0xFF,0xFF,0xFF,0xFF,0xFF,0xFF,0xFF,0xFF,0xFF,0xFF,0xFF,0xFF,0xFF,0xFF,0xFF,0xFF,0xFF,0xFF,0xDF,0xFF,0xFF,0xFF,0xFF,0xFF,0x71,0xEC,0xFF,0x0F,0xEC,0xFF,0xFF,0xFF,0xFF,0xFF,0xFF,0xFF,0xFF,0xFF,0xFF,0xFF,0xFF,0xFF,0xFF,0xFF,0xFF,
    0xD9,0xAD,0xFF,0x8C,0x11,0xFF,0x54,0x23,0xFF,0xB6,0x23,0xFF,0x95,0x23,0xFF,0x95,0x23,0xFF,0xB6,0x23,0xFF,0xB6,0x23,0xFF,0x95,0x23,0xFF,0x95,0x23,0xFF,0x95,0x23,0xFF,0x95,0x23,0xFF,0x95,0x23,0xFF,0x95,0x23,0xFF,0xB5,0x23,0xFF,0xB5,0x23,0xFF,
    0xB5,0x23,0xFF,0x95,0x23,0xFF,0x95,0x23,0xFF,0x95,0x23,0xFF,0x95,0x23,0xFF,0x95,0x23,0xFF,0xB5,0x23,0xFF,0xB6,0x23,0xFF,0xB6,0x23,0xFF,0x95,0x23,0xFF,0xB6,0x23,0xFF,0xB6,0x23,0xFF,0xB6,0x23,0xFF,0xB5,0x23,0xFF,0x95,0x23,0xFF,0xB5,0x23,0xFF,
    0x95,0x23,0xFF,0x95,0x23,0xFF,0x95,0x23,0xFF,0x95,0x23,0xFF,0x95,0x23,0xFF,0x95,0x23,0xFF,0x95,0x23,0xFF,0x95,0x23,0xFF,0xB5,0x23,0xFF,0xB6,0x23,0xFF,0xB6,0x23,0xFF,0xB6,0x23,0xFF,0xB5,0x23,0xFF,0x95,0x23,0xFF,0x95,0x23,0xFF,0x95,0x23,0xFF,
    0x95,0x23,0xFF,0x95,0x23,0xFF,0x95,0x23,0xFF,0x95,0x23,0xFF,0x95,0x23,0xFF,0x95,0x23,0xFF,0xB5,0x23,0xFF,0x95,0x23,0xFF,0x95,0x23,0xFF,0x95,0x23,0xFF,0x95,0x23,0xFF,0xB5,0x23,0xFF,0xB6,0x23,0xFF,0xB6,0x23,0xFF,0xB6,0x23,0xFF,0x95,0x23,0xFF,
    0x95,0x23,0xFF,0x95,0x23,0xFF,0x95,0x23,0xFF,0x95,0x23,0xFF,0x95,0x23,0xFF,0x95,0x23,0xFF,0x95,0x23,0xFF,0x95,0x23,0xFF,0x95,0x23,0xFF,0x95,0x23,0xFF,0xB5,0x23,0xFF,0x75,0x1B,0xFF,0x36,0x44,0xFF,0xDF,0xF7,0xFF,0x1A,0x9E,0xFF,0x9C,0xBE,0xFF,
    0x34,0x13,0xFF,0xB6,0x23,0xFF,0x95,0x23,0xFF,0x95,0x23,0xFF,0x95,0x23,0xFF,0x95,0x23,0xFF,0x95,0x23,0xFF,0xB6,0x23,0xFF,0xD2,0x22,0xFF,0xED,0x21,0xFF,0xFC,0xDE,0xFF,0xFF,0xFF,0xFF,0xFF,0xFF,0xFF,0xFF,0xFF,0xFF,0xEF,0xEB,0xFF,0x8E,0xEB,0xFF,
    0xFF,0xFF,0xFF,0xFF,0xFF,0xFF,0xFF,0xFF,0xFF,0xFF,0xFF,0xFF,0xFF,0xFF,0xFF,0xFF,0xFF,0xFF,0xFF,0xFF,0xFF,0xDF,0xFF,0xFF,0xFF,0xFF,0xFF,0x7D,0xFF,0xFF,0x8A,0xE2,0xFF,0xB6,0xF5,0xFF,0xFF,0xFF,0xFF,0xFF,0xFF,0xFF,0xFF,0xFF,0xFF,0xFF,0xFF,0xFF,
    0xF3,0xEC,0xFF,0xAA,0xE2,0xFF,0x7D,0xFF,0xFF,0xFF,0xFF,0xFF,0xFF,0xFF,0xFF,0xFF,0xFF,0xFF,0xFF,0xFF,0xFF,0xFF,0xFF,0xFF,0xFF,0xFF,0xFF,0xFF,0xFF,0xFF,0xBE,0xFF,0xFF,0xAA,0xE2,0xFF,0x55,0xED,0xFF,0xFF,0xFF,0xFF,0xFF,0xFF,0xFF,0xFF,0xFF,0xFF,
    0xFF,0xFF,0xFF,0xFF,0xFF,0xFF,0xD9,0xAD,0xFF,0x8C,0x11,0xFF,0x54,0x23,0xFF,0xB6,0x23,0xFF,0x95,0x23,0xFF,0x95,0x23,0xFF,0xB6,0x23,0xFF,0xB6,0x23,0xFF,0x95,0x23,0xFF,0x95,0x23,0xFF,0x95,0x23,0xFF,0x95,0x23,0xFF,0x95,0x23,0xFF,0x95,0x23,0xFF,
    0x95,0x23,0xFF,0x95,0x23,0xFF,0xB5,0x23,0xFF,0x95,0x23,0xFF,0x95,0x23,0xFF,0xB5,0x23,0xFF,0x95,0x23,0xFF,0x95,0x23,0xFF,0x95,0x23,0xFF,0xB5,0x23,0xFF,0x95,0x23,0xFF,0x95,0x23,0xFF,0xB5,0x23,0xFF,0xB6,0x23,0xFF,0xB6,0x23,0xFF,0xB6,0x23,0xFF,
    0x95,0x23,0xFF,0x95,0x23,0xFF,0x95,0x23,0xFF,0x95,0x23,0xFF,0x95,0x23,0xFF,0xB5,0x23,0xFF,0xB5,0x23,0xFF,0xB5,0x23,0xFF,0x95,0x23,0xFF,0xB5,0x23,0xFF,0xB6,0x23,0xFF,0xB6,0x23,0xFF,0xB6,0x23,0xFF,0xB6,0x23,0xFF,0xB6,0x23,0xFF,0xB6,0x23,0xFF,
    0x95,0x23,0xFF,0x95,0x23,0xFF,0x95,0x23,0xFF,0x95,0x23,0xFF,0x95,0x23,0xFF,0x95,0x23,0xFF,0x95,0x23,0xFF,0x95,0x23,0xFF,0x95,0x23,0xFF,0x95,0x23,0xFF,0x95,0x23,0xFF,0x95,0x23,0xFF,0x95,0x23,0xFF,0x95,0x23,0xFF,0xB6,0x23,0xFF,0xB5,0x23,0xFF,
    0x95,0x23,0xFF,0x95,0x23,0xFF,0x95,0x23,0xFF,0x95,0x23,0xFF,0x95,0x23,0xFF,0x95,0x23,0xFF,0x95,0x23,0xFF,0x95,0x23,0xFF,0x95,0x23,0xFF,0x95,0x23,0xFF,0x95,0x23,0xFF,0x95,0x23,0xFF,0xB5,0x23,0xFF,0x75,0x1B,0xFF,0x36,0x44,0xFF,0xDF,0xF7,0xFF,
    0x1B,0x9E,0xFF,0x9C,0xBE,0xFF,0x34,0x0B,0xFF,0xB6,0x23,0xFF,0x95,0x23,0xFF,0x95,0x23,0xFF,0x95,0x23,0xFF,0x95,0x23,0xFF,0x95,0x23,0xFF,0xB6,0x23,0xFF,0xD2,0x22,0xFF,0xED,0x21,0xFF,0xFC,0xDE,0xFF,0xFF,0xFF,0xFF,0xDF,0xFF,0xFF,0xFF,0xFF,0xFF,
    0xBA,0xF6,0xFF,0x69,0xE2,0xFF,0x71,0xEC,0xFF,0xFB,0xF6,0xFF,0xFF,0xFF,0xFF,0xFF,0xFF,0xFF,0xDF,0xFF,0xFF,0xDF,0xFF,0xFF,0xFF,0xFF,0xFF,0xFF,0xFF,0xFF,0xFF,0xFF,0xFF,0x71,0xEC,0xFF,0xEB,0xE2,0xFF,0xDF,0xFF,0xFF,0x7D,0xFF,0xFF,0x92,0xE4,0xFF,
    0x9E,0xFF,0xFF,0xFF,0xFF,0xFF,0x4D,0xE3,0xFF,0x14,0xED,0xFF,0xFF,0xFF,0xFF,0xFF,0xFF,0xFF,0xFF,0xFF,0xFF,0xFF,0xFF,0xFF,0x5D,0xFF,0xFF,0x18,0xF6,0xFF,0xD6,0xF5,0xFF,0x9A,0xF6,0xFF,0xF3,0xEC,0xFF,0xAA,0xE2,0xFF,0x3C,0xFF,0xFF,0xFF,0xFF,0xFF,
    0xFF,0xFF,0xFF,0xFF,0xFF,0xFF,0xFF,0xFF,0xFF,0xFF,0xFF,0xFF,0xD9,0xAD,0xFF,0x8C,0x11,0xFF,0x54,0x23,0xFF,0xB6,0x23,0xFF,0x95,0x23,0xFF,0x95,0x23,0xFF,0x96,0x23,0xFF,0xB5,0x23,0xFF,0x96,0x23,0xFF,0x95,0x23,0xFF,0x95,0x23,0xFF,0x95,0x23,0xFF,
    0x95,0x23,0xFF,0x95,0x23,0xFF,0x95,0x23,0xFF,0x95,0x23,0xFF,0x95,0x23,0xFF,0x95,0x23,0xFF,0x95,0x23,0xFF,0xB6,0x23,0xFF,0x95,0x23,0xFF,0x95,0x23,0xFF,0x95,0x23,0xFF,0x95,0x23,0xFF,0x95,0x23,0xFF,0xB5,0x23,0xFF,0x95,0x1B,0xFF,0x55,0x13,0xFF,
    0x55,0x13,0xFF,0x95,0x1B,0xFF,0xB5,0x23,0xFF,0x95,0x23,0xFF,0x95,0x23,0xFF,0x95,0x23,0xFF,0x95,0x23,0xFF,0x55,0x13,0xFF,0x55,0x13,0xFF,0x75,0x1B,0xFF,0xB6,0x23,0xFF,0x95,0x1B,0xFF,0x55,0x13,0xFF,0x55,0x13,0xFF,0x55,0x13,0xFF,0x55,0x13,0xFF,
    0x55,0x13,0xFF,0x75,0x13,0xFF,0x96,0x23,0xFF,0xB5,0x23,0xFF,0x95,0x23,0xFF,0x95,0x23,0xFF,0x95,0x23,0xFF,0x95,0x23,0xFF,0x95,0x23,0xFF,0x95,0x23,0xFF,0x95,0x23,0xFF,0x95,0x23,0xFF,0x95,0x23,0xFF,0x95,0x23,0xFF,0x95,0x23,0xFF,0x95,0x23,0xFF,
    0x95,0x23,0xFF,0x95,0x23,0xFF,0x95,0x23,0xFF,0x95,0x23,0xFF,0x95,0x23,0xFF,0x95,0x23,0xFF,0x95,0x23,0xFF,0x95,0x23,0xFF,0x95,0x23,0xFF,0x95,0x23,0xFF,0x95,0x23,0xFF,0x95,0x23,0xFF,0x95,0x23,0xFF,0x95,0x23,0xFF,0xB5,0x23,0xFF,0x75,0x1B,0xFF,
    0x36,0x44,0xFF,0xDF,0xF7,0xFF,0x1B,0x9E,0xFF,0x9C,0xBE,0xFF,0x34,0x13,0xFF,0xB6,0x23,0xFF,0x95,0x23,0xFF,0x95,0x23,0xFF,0x95,0x23,0xFF,0x95,0x23,0xFF,0x95,0x23,0xFF,0xB6,0x23,0xFF,0xD2,0x22,0xFF,0xED,0x21,0xFF,0xFC,0xDE,0xFF,0xFF,0xFF,0xFF,
    0xFF,0xFF,0xFF,0xFF,0xFF,0xFF,0xFF,0xFF,0xFF,0x75,0xED,0xFF,0x89,0xE2,0xFF,0x69,0xE2,0xFF,0x51,0xEC,0xFF,0xBF,0xFF,0xFF,0xFF,0xFF,0xFF,0xFF,0xFF,0xFF,0xFF,0xFF,0xFF,0x18,0xF6,0xFF,0xEF,0xEB,0xFF,0xAA,0xEA,0xFF,0x4D,0xEB,0xFF,0xBA,0xF6,0xFF,
    0x5D,0xFF,0xFF,0x49,0xE2,0xFF,0x14,0xED,0xFF,0xBE,0xFF,0xFF,0xAA,0xE2,0xFF,0x79,0xF6,0xFF,0xFF,0xFF,0xFF,0xDF,0xFF,0xFF,0xFF,0xFF,0xFF,0x7D,0xFF,0xFF,0xEB,0xE2,0xFF,0x28,0xE2,0xFF,0x69,0xE2,0xFF,0x89,0xE2,0xFF,0x69,0xE2,0xFF,0xF3,0xEC,0xFF,
    0xFF,0xFF,0xFF,0xFF,0xFF,0xFF,0xFF,0xFF,0xFF,0xFF,0xFF,0xFF,0xFF,0xFF,0xFF,0xFF,0xFF,0xFF,0xD9,0xAD,0xFF,0x8C,0x11,0xFF,0x54,0x23,0xFF,0xB6,0x23,0xFF,0x95,0x23,0xFF,0x95,0x23,0xFF,0x95,0x23,0xFF,0x95,0x23,0xFF,0x95,0x23,0xFF,0x95,0x23,0xFF,
    0x95,0x23,0xFF,0x95,0x23,0xFF,0x95,0x23,0xFF,0x95,0x23,0xFF,0x95,0x23,0xFF,0x95,0x23,0xFF,0x95,0x23,0xFF,0x96,0x23,0xFF,0xB6,0x23,0xFF,0xB6,0x23,0xFF,0xB5,0x23,0xFF,0x95,0x23,0xFF,0xB6,0x23,0xFF,0xB6,0x23,0xFF,0xB6,0x23,0xFF,0x95,0x1B,0xFF,
    0x16,0x3C,0xFF,0x59,0x7D,0xFF,0x59,0x7D,0xFF,0x16,0x3C,0xFF,0x95,0x1B,0xFF,0x95,0x23,0xFF,0x95,0x23,0xFF,0x95,0x23,0xFF,0xB5,0x23,0xFF,0x18,0x6D,0xFF,0x59,0x7D,0xFF,0x57,0x4C,0xFF,0x75,0x1B,0xFF,0x16,0x3C,0xFF,0x59,0x7D,0xFF,0x59,0x7D,0xFF,
    0x59,0x7D,0xFF,0x59,0x7D,0xFF,0x59,0x7D,0xFF,0xB7,0x5C,0xFF,0xB5,0x23,0xFF,0x75,0x1B,0xFF,0xB5,0x23,0xFF,0x95,0x23,0xFF,0x95,0x23,0xFF,0x95,0x23,0xFF,0x95,0x23,0xFF,0x95,0x23,0xFF,0x95,0x23,0xFF,0x95,0x23,0xFF,0x95,0x23,0xFF,0x95,0x23,0xFF,
    0x95,0x23,0xFF,0x95,0x23,0xFF,0x95,0x23,0xFF,0xB6,0x23,0xFF,0xB6,0x23,0xFF,0x95,0x23,0xFF,0x95,0x23,0xFF,0x95,0x23,0xFF,0x95,0x23,0xFF,0x95,0x23,0xFF,0x95,0x23,0xFF,0x95,0x23,0xFF,0x95,0x23,0xFF,0x95,0x23,0xFF,0x95,0x23,0xFF,0x95,0x23,0xFF,
    0xB5,0x23,0xFF,0x75,0x1B,0xFF,0x36,0x44,0xFF,0xDF,0xF7,0xFF,0x1B,0x9E,0xFF,0x9C,0xBE,0xFF,0x54,0x13,0xFF,0xB6,0x23,0xFF,0x96,0x23,0xFF,0x95,0x23,0xFF,0x95,0x23,0xFF,0x95,0x23,0xFF,0x95,0x23,0xFF,0xB6,0x23,0xFF,0xD2,0x22,0xFF,0xED,0x21,0xFF,
    0xFC,0xDE,0xFF,0xFF,0xFF,0xFF,0xFF,0xFF,0xFF,0xFF,0xFF,0xFF,0xFF,0xFF,0xFF,0xFF,0xFF,0xFF,0x79,0xF6,0xFF,0x71,0xEC,0xFF,0x69,0xE2,0xFF,0xEF,0xEB,0xFF,0x59,0xF6,0xFF,0x59,0xF6,0xFF,0x71,0xEC,0xFF,0x69,0xE2,0xFF,0xAA,0xE2,0xFF,0x8E,0xE3,0xFF,
    0xAA,0xE2,0xFF,0x30,0xE4,0xFF,0xFF,0xFF,0xFF,0x14,0xED,0xFF,0x6D,0xE3,0xFF,0x3C,0xF7,0xFF,0xAA,0xE2,0xFF,0x9A,0xF6,0xFF,0xFF,0xFF,0xFF,0xFF,0xFF,0xFF,0xFF,0xFF,0xFF,0xBE,0xFF,0xFF,0xF3,0xEC,0xFF,0xB6,0xF5,0xFF,0x38,0xF6,0xFF,0x55,0xED,0xFF,
    0x0C,0xE3,0xFF,0x6D,0xE3,0xFF,0x7D,0xFF,0xFF,0xFF,0xFF,0xFF,0xFF,0xFF,0xFF,0xFF,0xFF,0xFF,0xFF,0xFF,0xFF,0xFF,0xFF,0xFF,0xD9,0xAD,0xFF,0x8C,0x11,0xFF,0x54,0x23,0xFF,0xB6,0x23,0xFF,0x95,0x23,0xFF,0x95,0x23,0xFF,0x95,0x23,0xFF,0x95,0x23,0xFF,
    0x95,0x23,0xFF,0xB5,0x23,0xFF,0xB6,0x23,0xFF,0xB6,0x23,0xFF,0x95,0x23,0xFF,0x95,0x23,0xFF,0xB5,0x23,0xFF,0x95,0x23,0xFF,0x95,0x23,0xFF,0xB6,0x23,0xFF,0xB6,0x23,0xFF,0xB6,0x23,0xFF,0xB6,0x23,0xFF,0xB6,0x23,0xFF,0xB6,0x23,0xFF,0xB6,0x23,0xFF,
    0xB6,0x23,0xFF,0x54,0x13,0xFF,0xFA,0x95,0xFF,0xFF,0xFF,0xFF,0xFF,0xFF,0xFF,0xFA,0x9D,0xFF,0x54,0x13,0xFF,0xB5,0x23,0xFF,0xB5,0x23,0xFF,0x95,0x23,0xFF,0xB5,0x2B,0xFF,0x9E,0xEF,0xFF,0xFF,0xFF,0xFF,0xBA,0x8D,0xFF,0x14,0x03,0xFF,0xD8,0x5C,0xFF,
    0xFF,0xFF,0xFF,0xFF,0xFF,0xFF,0xFF,0xFF,0xFF,0xFF,0xFF,0xFF,0xFF,0xFF,0xFF,0xFF,0xFF,0xFF,0x1D,0xD7,0xFF,0x36,0x3C,0xFF,0x75,0x1B,0xFF,0xB5,0x23,0xFF,0x95,0x23,0xFF,0x95,0x23,0xFF,0x95,0x23,0xFF,0x95,0x23,0xFF,0x95,0x23,0xFF,0x95,0x23,0xFF,
    0x95,0x23,0xFF,0x95,0x23,0xFF,0x95,0x23,0xFF,0x95,0x23,0xFF,0xB5,0x23,0xFF,0xB6,0x23,0xFF,0x95,0x23,0xFF,0x95,0x23,0xFF,0x95,0x23,0xFF,0x95,0x23,0xFF,0x95,0x23,0xFF,0x95,0x23,0xFF,0x95,0x23,0xFF,0x95,0x23,0xFF,0x95,0x23,0xFF,0x95,0x23,0xFF,
    0x95,0x23,0xFF,0x95,0x23,0xFF,0xB5,0x23,0xFF,0x75,0x1B,0xFF,0x36,0x44,0xFF,0xDF,0xF7,0xFF,0x1B,0x9E,0xFF,0x9C,0xBE,0xFF,0x34,0x13,0xFF,0xB5,0x23,0xFF,0x95,0x23,0xFF,0x95,0x23,0xFF,0x95,0x23,0xFF,0x95,0x23,0xFF,0x95,0x23,0xFF,0xB6,0x23,0xFF,
    0xD2,0x22,0xFF,0xED,0x21,0xFF,0xFC,0xDE,0xFF,0xFF,0xFF,0xFF,0xFF,0xFF,0xFF,0xFF,0xFF,0xFF,0xFF,0xFF,0xFF,0xFF,0xFF,0xFF,0xFF,0xFF,0xFF,0xFF,0xFF,0xFF,0xF7,0xED,0xFF,0xCB,0xE2,0xFF,0x49,0xE2,0xFF,0x69,0xE2,0xFF,0x69,0xE2,0xFF,0xEF,0xEB,0xFF,
    0xFB,0xF6,0xFF,0xBE,0xFF,0xFF,0xFB,0xF6,0xFF,0x1B,0xF7,0xFF,0xFF,0xFF,0xFF,0x59,0xF6,0xFF,0x0C,0xE3,0xFF,0x5D,0xFF,0xFF,0x0C,0xE3,0xFF,0x96,0xF5,0xFF,0xFF,0xFF,0xFF,0xDF,0xFF,0xFF,0xFF,0xFF,0xFF,0xFF,0xFF,0xFF,0xFF,0xFF,0xFF,0xFF,0xFF,0xFF,
    0xFF,0xFF,0xFF,0xFF,0xFF,0xFF,0xFB,0xF6,0xFF,0xCA,0xE2,0xFF,0x14,0xED,0xFF,0xFF,0xFF,0xFF,0xFF,0xFF,0xFF,0xFF,0xFF,0xFF,0xFF,0xFF,0xFF,0xFF,0xFF,0xFF,0xD9,0xAD,0xFF,0x8C,0x11,0xFF,0x54,0x23,0xFF,0xB6,0x23,0xFF,0x95,0x23,0xFF,0xB6,0x23,0xFF,
    0x95,0x23,0xFF,0x95,0x23,0xFF,0x95,0x23,0xFF,0xB5,0x23,0xFF,0xB6,0x23,0xFF,0xB6,0x23,0xFF,0xB6,0x23,0xFF,0x95,0x23,0xFF,0x95,0x23,0xFF,0x95,0x23,0xFF,0x95,0x23,0xFF,0x95,0x23,0xFF,0xB6,0x23,0xFF,0xB6,0x23,0xFF,0xB6,0x23,0xFF,0xB6,0x23,0xFF,
    0xB6,0x23,0xFF,0xB6,0x23,0xFF,0x95,0x23,0xFF,0x95,0x23,0xFF,0x5E,0xDF,0xFF,0xFF,0xFF,0xFF,0xFF,0xFF,0xFF,0x5E,0xDF,0xFF,0x95,0x23,0xFF,0x95,0x23,0xFF,0xB5,0x23,0xFF,0x95,0x1B,0xFF,0xB5,0x23,0xFF,0x5E,0xDF,0xFF,0xFF,0xFF,0xFF,0x99,0x85,0xFF,
    0x14,0x0B,0xFF,0xB7,0x5C,0xFF,0xFF,0xFF,0xFF,0xFF,0xFF,0xFF,0xFF,0xFF,0xFF,0xDF,0xFF,0xFF,0xFF,0xFF,0xFF,0xFF,0xFF,0xFF,0xFF,0xFF,0xFF,0x5D,0xDF,0xFF,0xB5,0x23,0xFF,0x95,0x23,0xFF,0xB5,0x23,0xFF,0x95,0x23,0xFF,0xB5,0x23,0xFF,0x95,0x23,0xFF,
    0x95,0x23,0xFF,0x95,0x23,0xFF,0x95,0x23,0xFF,0xB5,0x23,0xFF,0x95,0x23,0xFF,0x95,0x23,0xFF,0x95,0x23,0xFF,0xB5,0x23,0xFF,0x95,0x23,0xFF,0x95,0x23,0xFF,0x95,0x23,0xFF,0x95,0x23,0xFF,0x95,0x23,0xFF,0x95,0x23,0xFF,0x95,0x23,0xFF,0x95,0x23,0xFF,
    0x95,0x23,0xFF,0x95,0x23,0xFF,0x95,0x23,0xFF,0x95,0x23,0xFF,0xB5,0x23,0xFF,0x75,0x1B,0xFF,0x36,0x44,0xFF,0xDF,0xF7,0xFF,0x1B,0x9E,0xFF,0x9C,0xBE,0xFF,0x34,0x13,0xFF,0xB5,0x23,0xFF,0x95,0x23,0xFF,0x95,0x23,0xFF,0x95,0x23,0xFF,0x95,0x23,0xFF,
    0x95,0x23,0xFF,0xB6,0x23,0xFF,0xD2,0x22,0xFF,0xED,0x21,0xFF,0xFC,0xDE,0xFF,0xFF,0xFF,0xFF,0xFF,0xFF,0xFF,0xFF,0xFF,0xFF,0xFF,0xFF,0xFF,0xFF,0xFF,0xFF,0xFF,0xFF,0xFF,0xFF,0xFF,0xFF,0xFF,0xFF,0xFF,0x3C,0xF7,0xFF,0x96,0xF5,0xFF,0xD6,0xED,0xFF,
    0xAE,0xEB,0xFF,0x92,0xEC,0xFF,0xFF,0xFF,0xFF,0xFF,0xFF,0xFF,0xFF,0xFF,0xFF,0xFF,0xFF,0xFF,0xFF,0xFF,0xFF,0xB2,0xEC,0xFF,0x0C,0xE3,0xFF,0xFF,0xFF,0xFF,0x71,0xEC,0xFF,0x0C,0xE3,0xFF,0x7D,0xFF,0xFF,0xFF,0xFF,0xFF,0xFF,0xFF,0xFF,0xFF,0xFF,0xFF,
    0xFF,0xFF,0xFF,0xFF,0xFF,0xFF,0xFF,0xFF,0xFF,0xFF,0xFF,0xFF,0xFF,0xFF,0xFF,0xD3,0xEC,0xFF,0xCE,0xEB,0xFF,0xFF,0xFF,0xFF,0xFF,0xFF,0xFF,0xFF,0xFF,0xFF,0xFF,0xFF,0xFF,0xFF,0xFF,0xFF,0xD9,0xAD,0xFF,0x8C,0x11,0xFF,0x54,0x23,0xFF,0xB6,0x23,0xFF,
    0x95,0x23,0xFF,0xB6,0x23,0xFF,0xB6,0x23,0xFF,0x95,0x23,0xFF,0x95,0x23,0xFF,0xB5,0x23,0xFF,0xB6,0x23,0xFF,0xB6,0x23,0xFF,0x95,0x23,0xFF,0x96,0x23,0xFF,0x96,0x23,0xFF,0x96,0x23,0xFF,0xB6,0x23,0xFF,0xB6,0x23,0xFF,0xB6,0x23,0xFF,0xB6,0x23,0xFF,
    0xB6,0x23,0xFF,0xB5,0x23,0xFF,0xB6,0x23,0xFF,0xB6,0x23,0xFF,0x75,0x1B,0xFF,0x77,0x54,0xFF,0xFF,0xFF,0xFF,0xDF,0xFF,0xFF,0xDF,0xFF,0xFF,0xFF,0xFF,0xFF,0x97,0x54,0xFF,0x75,0x1B,0xFF,0xB5,0x23,0xFF,0x95,0x23,0xFF,0xB5,0x23,0xFF,0x5E,0xDF,0xFF,
    0xFF,0xFF,0xFF,0x99,0x85,0xFF,0x14,0x0B,0xFF,0xB8,0x5C,0xFF,0xFF,0xFF,0xFF,0xFF,0xFF,0xFF,0xF8,0x64,0xFF,0x16,0x3C,0xFF,0x36,0x44,0xFF,0x1A,0x9E,0xFF,0xFF,0xFF,0xFF,0xFF,0xFF,0xFF,0x18,0x6D,0xFF,0x55,0x13,0xFF,0xB5,0x23,0xFF,0x95,0x23,0xFF,
    0x95,0x23,0xFF,0x95,0x23,0xFF,0x95,0x23,0xFF,0x95,0x23,0xFF,0x95,0x23,0xFF,0x95,0x23,0xFF,0x95,0x23,0xFF,0x95,0x23,0xFF,0xB6,0x23,0xFF,0xB6,0x23,0xFF,0x95,0x23,0xFF,0x95,0x23,0xFF,0x95,0x23,0xFF,0x95,0x23,0xFF,0x95,0x23,0xFF,0x95,0x23,0xFF,
    0x95,0x23,0xFF,0x95,0x23,0xFF,0x95,0x23,0xFF,0x95,0x23,0xFF,0x95,0x23,0xFF,0x95,0x23,0xFF,0xB5,0x23,0xFF,0x75,0x1B,0xFF,0x36,0x44,0xFF,0xDF,0xF7,0xFF,0x1B,0x9E,0xFF,0x9C,0xBE,0xFF,0x34,0x13,0xFF,0xB6,0x23,0xFF,0x95,0x23,0xFF,0x95,0x23,0xFF,
    0x95,0x23,0xFF,0x95,0x23,0xFF,0x95,0x23,0xFF,0xB6,0x23,0xFF,0xD2,0x22,0xFF,0xED,0x21,0xFF,0xFC,0xDE,0xFF,0xFF,0xFF,0xFF,0xFF,0xFF,0xFF,0xFF,0xFF,0xFF,0xFF,0xFF,0xFF,0xFF,0xFF,0xFF,0xFF,0xFF,0xFF,0xFF,0xFF,0xFF,0xFF,0xFF,0xFF,0xFF,0xFF,0xFF,
    0xFF,0xFF,0xFF,0xFF,0xFF,0xFF,0x95,0xED,0xFF,0x49,0xE2,0xFF,0x4D,0xEB,0xFF,0xEF,0xEB,0xFF,0xF3,0xEC,0xFF,0x75,0xED,0xFF,0xB2,0xEC,0xFF,0x69,0xE2,0xFF,0xF3,0xEC,0xFF,0xFF,0xFF,0xFF,0xFB,0xF6,0xFF,0x8A,0xE2,0xFF,0x2C,0xEB,0xFF,0xB6,0xED,0xFF,
    0xBA,0xF6,0xFF,0x79,0xF6,0xFF,0xB6,0xED,0xFF,0xB2,0xEC,0xFF,0xEF,0xEB,0xFF,0x71,0xEC,0xFF,0x34,0xED,0xFF,0x2C,0xEB,0xFF,0x71,0xEC,0xFF,0xFF,0xFF,0xFF,0xFF,0xFF,0xFF,0xFF,0xFF,0xFF,0xFF,0xFF,0xFF,0xFF,0xFF,0xFF,0xD9,0xAD,0xFF,0x8C,0x11,0xFF,
    0x54,0x23,0xFF,0xB6,0x23,0xFF,0x95,0x23,0xFF,0xB6,0x23,0xFF,0xB6,0x23,0xFF,0xB5,0x23,0xFF,0xB5,0x23,0xFF,0xB6,0x23,0xFF,0xB6,0x23,0xFF,0x96,0x23,0xFF,0x96,0x23,0xFF,0xB6,0x23,0xFF,0xB6,0x23,0xFF,0xB6,0x23,0xFF,0xB6,0x23,0xFF,0xB6,0x23,0xFF,
    0xB6,0x23,0xFF,0x95,0x23,0xFF,0x95,0x23,0xFF,0x95,0x23,0xFF,0xB6,0x23,0xFF,0xB6,0x23,0xFF,0x54,0x13,0xFF,0xDA,0x95,0xFF,0xFF,0xFF,0xFF,0x7B,0xB6,0xFF,0x7B,0xB6,0xFF,0xFF,0xFF,0xFF,0xFA,0x9D,0xFF,0x55,0x13,0xFF,0xB5,0x23,0xFF,0x95,0x23,0xFF,
    0xB5,0x23,0xFF,0x5E,0xDF,0xFF,0xFF,0xFF,0xFF,0x99,0x85,0xFF,0x14,0x0B,0xFF,0xB7,0x5C,0xFF,0xFF,0xFF,0xFF,0xFF,0xFF,0xFF,0x36,0x44,0xFF,0x55,0x13,0xFF,0x75,0x1B,0xFF,0x95,0x1B,0xFF,0x5E,0xDF,0xFF,0xFF,0xFF,0xFF,0x1A,0x9E,0xFF,0x54,0x13,0xFF,
    0xB5,0x23,0xFF,0x95,0x23,0xFF,0x95,0x23,0xFF,0x95,0x23,0xFF,0x95,0x23,0xFF,0x95,0x23,0xFF,0x95,0x23,0xFF,0x95,0x23,0xFF,0x95,0x23,0xFF,0x95,0x23,0xFF,0xB6,0x23,0xFF,0xB6,0x23,0xFF,0xB5,0x23,0xFF,0x95,0x23,0xFF,0x95,0x23,0xFF,0x95,0x23,0xFF,
    0x95,0x23,0xFF,0x95,0x23,0xFF,0x95,0x23,0xFF,0x95,0x23,0xFF,0x95,0x23,0xFF,0x95,0x23,0xFF,0x95,0x23,0xFF,0x95,0x23,0xFF,0xB5,0x23,0xFF,0x75,0x1B,0xFF,0x36,0x44,0xFF,0xDF,0xF7,0xFF,0x1B,0x9E,0xFF,0x9C,0xBE,0xFF,0x34,0x13,0xFF,0xB6,0x23,0xFF,
    0x95,0x23,0xFF,0x95,0x23,0xFF,0x95,0x23,0xFF,0x95,0x23,0xFF,0x95,0x23,0xFF,0xB6,0x23,0xFF,0xD2,0x22,0xFF,0xED,0x21,0xFF,0xFC,0xDE,0xFF,0xFF,0xFF,0xFF,0xFF,0xFF,0xFF,0xFF,0xFF,0xFF,0xFF,0xFF,0xFF,0xFF,0xFF,0xFF,0xFF,0xFF,0xFF,0xFF,0xFF,0xFF,
    0xFF,0xFF,0xFF,0xFF,0xFF,0xFF,0xFF,0xFF,0xFF,0xFF,0xFF,0xFF,0xBE,0xFF,0xFF,0xD3,0xEC,0xFF,0xAE,0xE3,0xFF,0x4C,0xE3,0xFF,0x89,0xE2,0xFF,0x49,0xE2,0xFF,0x89,0xE2,0xFF,0xB2,0xEC,0xFF,0xDF,0xFF,0xFF,0xFF,0xFF,0xFF,0xFF,0xFF,0xFF,0x59,0xF6,0xFF,
    0x4C,0xE3,0xFF,0x89,0xE2,0xFF,0x69,0xE2,0xFF,0x69,0xE2,0xFF,0x69,0xE2,0xFF,0xAA,0xE2,0xFF,0x0C,0xE3,0xFF,0xCB,0xE2,0xFF,0x69,0xE2,0xFF,0xEB,0xE2,0xFF,0xDB,0xF6,0xFF,0xFF,0xFF,0xFF,0xFF,0xFF,0xFF,0xFF,0xFF,0xFF,0xFF,0xFF,0xFF,0xFF,0xFF,0xFF,
    0xD9,0xAD,0xFF,0x8C,0x11,0xFF,0x54,0x23,0xFF,0xB6,0x23,0xFF,0x95,0x23,0xFF,0x95,0x23,0xFF,0xB6,0x23,0xFF,0xB6,0x23,0xFF,0xB6,0x23,0xFF,0xB6,0x23,0xFF,0xB6,0x23,0xFF,0xB6,0x23,0xFF,0x95,0x23,0xFF,0xB6,0x23,0xFF,0xB5,0x23,0xFF,0xB5,0x23,0xFF,
    0xB6,0x23,0xFF,0xB6,0x23,0xFF,0xB6,0x23,0xFF,0x95,0x23,0xFF,0xB5,0x23,0xFF,0xB5,0x23,0xFF,0xB5,0x23,0xFF,0xB5,0x23,0xFF,0xB5,0x23,0xFF,0x5E,0xDF,0xFF,0xFF,0xFF,0xFF,0xF8,0x6C,0xFF,0x18,0x6D,0xFF,0xFF,0xFF,0xFF,0x5E,0xDF,0xFF,0x95,0x23,0xFF,
    0x95,0x23,0xFF,0x95,0x23,0xFF,0xB5,0x23,0xFF,0x5E,0xDF,0xFF,0xFF,0xFF,0xFF,0x99,0x85,0xFF,0x14,0x0B,0xFF,0xB7,0x5C,0xFF,0xFF,0xFF,0xFF,0xFF,0xFF,0xFF,0x77,0x54,0xFF,0x95,0x1B,0xFF,0xD6,0x2B,0xFF,0x75,0x1B,0xFF,0xDC,0xC6,0xFF,0xFF,0xFF,0xFF,
    0x5B,0xAE,0xFF,0x54,0x13,0xFF,0xB5,0x23,0xFF,0x95,0x23,0xFF,0xB5,0x23,0xFF,0xB5,0x23,0xFF,0x95,0x23,0xFF,0x95,0x23,0xFF,0x95,0x23,0xFF,0x95,0x23,0xFF,0x95,0x23,0xFF,0x95,0x23,0xFF,0xB5,0x23,0xFF,0x95,0x23,0xFF,0x95,0x23,0xFF,0xB5,0x23,0xFF,
    0x95,0x23,0xFF,0x95,0x23,0xFF,0x95,0x23,0xFF,0x95,0x23,0xFF,0x95,0x23,0xFF,0x95,0x23,0xFF,0x95,0x23,0xFF,0x95,0x23,0xFF,0x95,0x23,0xFF,0x95,0x23,0xFF,0xB5,0x23,0xFF,0x75,0x1B,0xFF,0x36,0x44,0xFF,0xDF,0xF7,0xFF,0x1B,0x9E,0xFF,0x9C,0xBE,0xFF,
    0x34,0x13,0xFF,0xB6,0x23,0xFF,0x95,0x23,0xFF,0x95,0x23,0xFF,0x95,0x23,0xFF,0x95,0x23,0xFF,0x95,0x23,0xFF,0xB6,0x23,0xFF,0xD2,0x22,0xFF,0xED,0x21,0xFF,0xFC,0xDE,0xFF,0xFF,0xFF,0xFF,0xFF,0xFF,0xFF,0xFF,0xFF,0xFF,0xFF,0xFF,0xFF,0xFF,0xFF,0xFF,
    0xFF,0xFF,0xFF,0xFF,0xFF,0xFF,0xFF,0xFF,0xFF,0xFF,0xFF,0xFF,0xFF,0xFF,0xFF,0xFF,0xFF,0xFF,0xFF,0xFF,0xFF,0xFF,0xFF,0xFF,0xFF,0xFF,0xFF,0xBE,0xFF,0xFF,0xFB,0xF6,0xFF,0x9A,0xF6,0xFF,0x1C,0xF7,0xFF,0xFF,0xFF,0xFF,0xFF,0xFF,0xFF,0xFF,0xFF,0xFF,
    0xFF,0xFF,0xFF,0xFF,0xFF,0xFF,0xBE,0xFF,0xFF,0x38,0xF6,0xFF,0x75,0xF5,0xFF,0xB6,0xED,0xFF,0x59,0xF6,0xFF,0x3C,0xF7,0xFF,0xBE,0xFF,0xFF,0x5D,0xF7,0xFF,0xBA,0xF6,0xFF,0x7D,0xFF,0xFF,0xFF,0xFF,0xFF,0xFF,0xFF,0xFF,0xFF,0xFF,0xFF,0xFF,0xFF,0xFF,
    0xDF,0xFF,0xFF,0xFF,0xFF,0xFF,0xD9,0xAD,0xFF,0x8C,0x11,0xFF,0x54,0x23,0xFF,0xB6,0x23,0xFF,0x95,0x23,0xFF,0x95,0x23,0xFF,0x95,0x23,0xFF,0xB6,0x23,0xFF,0xB6,0x23,0xFF,0xB6,0x23,0xFF,0xB6,0x23,0xFF,0xB6,0x23,0xFF,0x95,0x23,0xFF,0x95,0x23,0xFF,
    0x95,0x23,0xFF,0x95,0x23,0xFF,0xB6,0x23,0xFF,0xB5,0x23,0xFF,0x95,0x23,0xFF,0x95,0x23,0xFF,0x95,0x23,0xFF,0xB5,0x23,0xFF,0xB5,0x23,0xFF,0x75,0x1B,0xFF,0x97,0x54,0xFF,0xFF,0xFF,0xFF,0xDF,0xFF,0xFF,0x16,0x3C,0xFF,0x16,0x3C,0xFF,0xFF,0xFF,0xFF,
    0xFF,0xFF,0xFF,0x97,0x54,0xFF,0x75,0x13,0xFF,0xB5,0x23,0xFF,0xB5,0x23,0xFF,0x5E,0xDF,0xFF,0xFF,0xFF,0xFF,0x99,0x85,0xFF,0x14,0x03,0xFF,0xB8,0x5C,0xFF,0xFF,0xFF,0xFF,0xFF,0xFF,0xFF,0x36,0x44,0xFF,0x55,0x13,0xFF,0x75,0x13,0xFF,0xB5,0x23,0xFF,
    0x7E,0xE7,0xFF,0xFF,0xFF,0xFF,0xFA,0x9D,0xFF,0x54,0x13,0xFF,0xB5,0x23,0xFF,0x95,0x23,0xFF,0x95,0x23,0xFF,0xB5,0x23,0xFF,0x95,0x23,0xFF,0x95,0x23,0xFF,0x95,0x23,0xFF,0x95,0x23,0xFF,0x95,0x23,0xFF,0x95,0x23,0xFF,0x95,0x23,0xFF,0x95,0x23,0xFF,
    0x95,0x23,0xFF,0x95,0x23,0xFF,0x95,0x23,0xFF,0x95,0x23,0xFF,0x95,0x23,0xFF,0x95,0x23,0xFF,0x95,0x23,0xFF,0x95,0x23,0xFF,0x95,0x23,0xFF,0x95,0x23,0xFF,0x95,0x23,0xFF,0x95,0x23,0xFF,0xB5,0x23,0xFF,0x75,0x1B,0xFF,0x36,0x44,0xFF,0xDF,0xF7,0xFF,
    0x1B,0x9E,0xFF,0x9C,0xBE,0xFF,0x34,0x13,0xFF,0xB6,0x23,0xFF,0x96,0x23,0xFF,0x95,0x23,0xFF,0x95,0x23,0xFF,0x95,0x23,0xFF,0x95,0x23,0xFF,0xB6,0x23,0xFF,0xD2,0x22,0xFF,0xED,0x21,0xFF,0xFC,0xDE,0xFF,0xFF,0xFF,0xFF,0xFF,0xFF,0xFF,0xFF,0xFF,0xFF,
    0xFF,0xFF,0xFF,0xFF,0xFF,0xFF,0xFF,0xFF,0xFF,0xFF,0xFF,0xFF,0xFF,0xFF,0xFF,0xFF,0xFF,0xFF,0xFF,0xFF,0xFF,0xFF,0xFF,0xFF,0xFF,0xFF,0xFF,0xFF,0xFF,0xFF,0xFF,0xFF,0xFF,0xFF,0xFF,0xFF,0xFF,0xFF,0xFF,0xFF,0xFF,0xFF,0xFF,0xFF,0xFF,0xFF,0xFF,0xFF,
    0xFF,0xFF,0xFF,0xFF,0xFF,0xFF,0xFF,0xFF,0xFF,0xFF,0xFF,0xFF,0xFF,0xFF,0xFF,0xFF,0xFF,0xFF,0xFF,0xFF,0xFF,0xFF,0xFF,0xFF,0xFF,0xFF,0xFF,0xFF,0xFF,0xFF,0xFF,0xFF,0xFF,0xFF,0xFF,0xFF,0xFF,0xFF,0xFF,0xFF,0xFF,0xFF,0xFF,0xFF,0xFF,0xFF,0xFF,0xFF,
    0xFF,0xFF,0xFF,0xFF,0xFF,0xFF,0xFF,0xFF,0xFF,0xFF,0xFF,0xFF,0xD9,0xAD,0xFF,0x8C,0x11,0xFF,0x54,0x23,0xFF,0xB6,0x23,0xFF,0x95,0x23,0xFF,0x95,0x23,0xFF,0x95,0x23,0xFF,0x95,0x23,0xFF,0xB5,0x23,0xFF,0xB6,0x23,0xFF,0xB6,0x23,0xFF,0x95,0x23,0xFF,
    0x95,0x23,0xFF,0x95,0x23,0xFF,0x95,0x23,0xFF,0x95,0x23,0xFF,0x95,0x23,0xFF,0x95,0x23,0xFF,0x95,0x23,0xFF,0x95,0x23,0xFF,0x95,0x23,0xFF,0x95,0x23,0xFF,0xB6,0x23,0xFF,0x55,0x13,0xFF,0xFA,0x95,0xFF,0xFF,0xFF,0xFF,0xDC,0xC6,0xFF,0x54,0x13,0xFF,
    0x75,0x13,0xFF,0xDC,0xC6,0xFF,0xFF,0xFF,0xFF,0x1A,0x9E,0xFF,0x54,0x13,0xFF,0xB5,0x23,0xFF,0xB5,0x23,0xFF,0x5E,0xDF,0xFF,0xFF,0xFF,0xFF,0x99,0x85,0xFF,0x14,0x03,0xFF,0xB8,0x5C,0xFF,0xFF,0xFF,0xFF,0xFF,0xFF,0xFF,0x18,0x75,0xFF,0x56,0x44,0xFF,
    0x77,0x54,0xFF,0x9C,0xB6,0xFF,0xFF,0xFF,0xFF,0xFF,0xFF,0xFF,0xF8,0x64,0xFF,0x55,0x13,0xFF,0xB5,0x23,0xFF,0x95,0x23,0xFF,0x95,0x23,0xFF,0x95,0x23,0xFF,0x95,0x23,0xFF,0x95,0x23,0xFF,0x95,0x23,0xFF,0x95,0x23,0xFF,0x95,0x23,0xFF,0x95,0x23,0xFF,
    0x95,0x23,0xFF,0x95,0x23,0xFF,0x95,0x23,0xFF,0x95,0x23,0xFF,0x95,0x23,0xFF,0x95,0x23,0xFF,0x95,0x23,0xFF,0x95,0x23,0xFF,0x95,0x23,0xFF,0x95,0x23,0xFF,0x95,0x23,0xFF,0x95,0x23,0xFF,0x95,0x23,0xFF,0x95,0x23,0xFF,0xB5,0x23,0xFF,0x75,0x1B,0xFF,
    0x36,0x44,0xFF,0xDF,0xF7,0xFF,0x1B,0x9E,0xFF,0x9C,0xBE,0xFF,0x34,0x0B,0xFF,0xB6,0x23,0xFF,0x95,0x23,0xFF,0x95,0x23,0xFF,0x95,0x23,0xFF,0x95,0x23,0xFF,0x95,0x23,0xFF,0xB6,0x23,0xFF,0xD2,0x22,0xFF,0xED,0x21,0xFF,0xDC,0xD6,0xFF,0xFF,0xFF,0xFF,
    0xDF,0xFF,0xFF,0xDF,0xFF,0xFF,0xDF,0xFF,0xFF,0xDF,0xFF,0xFF,0xDF,0xFF,0xFF,0xDF,0xFF,0xFF,0xDF,0xFF,0xFF,0xDF,0xFF,0xFF,0xDF,0xFF,0xFF,0xFF,0xFF,0xFF,0xFF,0xFF,0xFF,0xDF,0xFF,0xFF,0xDF,0xFF,0xFF,0xDF,0xFF,0xFF,0xDF,0xFF,0xFF,0xDF,0xFF,0xFF,
    0xDF,0xFF,0xFF,0xDF,0xFF,0xFF,0xDF,0xFF,0xFF,0xFF,0xFF,0xFF,0xFF,0xFF,0xFF,0xDF,0xFF,0xFF,0xDF,0xFF,0xFF,0xDF,0xFF,0xFF,0xDF,0xFF,0xFF,0xDF,0xFF,0xFF,0xDF,0xFF,0xFF,0xDF,0xFF,0xFF,0xDF,0xFF,0xFF,0xDF,0xFF,0xFF,0xDF,0xFF,0xFF,0xDF,0xFF,0xFF,
    0xDF,0xFF,0xFF,0xDF,0xFF,0xFF,0xDF,0xFF,0xFF,0xDF,0xFF,0xFF,0xDF,0xF7,0xFF,0xDF,0xFF,0xFF,0xB8,0xAD,0xFF,0x8C,0x11,0xFF,0x53,0x23,0xFF,0xB6,0x23,0xFF,0x95,0x23,0xFF,0x95,0x23,0xFF,0x95,0x23,0xFF,0x95,0x23,0xFF,0x95,0x23,0xFF,0x95,0x23,0xFF,
    0xB6,0x23,0xFF,0x95,0x23,0xFF,0x95,0x23,0xFF,0x95,0x23,0xFF,0x95,0x23,0xFF,0x95,0x23,0xFF,0xB6,0x23,0xFF,0xB6,0x23,0xFF,0x95,0x23,0xFF,0x95,0x23,0xFF,0x95,0x23,0xFF,0xB5,0x23,0xFF,0x95,0x23,0xFF,0xB5,0x23,0xFF,0x5E,0xDF,0xFF,0xFF,0xFF,0xFF,
    0xB9,0x8D,0xFF,0xB5,0x23,0xFF,0xB5,0x2B,0xFF,0xBA,0x95,0xFF,0xFF,0xFF,0xFF,0x7E,0xE7,0xFF,0xB5,0x2B,0xFF,0x95,0x1B,0xFF,0xB5,0x2B,0xFF,0x5E,0xDF,0xFF,0xFF,0xFF,0xFF,0x99,0x85,0xFF,0x14,0x0B,0xFF,0xB7,0x5C,0xFF,0xFF,0xFF,0xFF,0xFF,0xFF,0xFF,
    0xFF,0xFF,0xFF,0xFF,0xFF,0xFF,0xFF,0xFF,0xFF,0xFF,0xFF,0xFF,0xFF,0xFF,0xFF,0x1D,0xD7,0xFF,0x95,0x23,0xFF,0x95,0x23,0xFF,0x95,0x23,0xFF,0x95,0x23,0xFF,0x95,0x23,0xFF,0x95,0x23,0xFF,0x95,0x23,0xFF,0x95,0x23,0xFF,0x95,0x23,0xFF,0x95,0x23,0xFF,
    0x95,0x23,0xFF,0x95,0x23,0xFF,0x95,0x23,0xFF,0x95,0x23,0xFF,0x95,0x23,0xFF,0x95,0x23,0xFF,0x95,0x23,0xFF,0x95,0x23,0xFF,0x95,0x23,0xFF,0x95,0x23,0xFF,0x95,0x23,0xFF,0x95,0x23,0xFF,0x95,0x23,0xFF,0x95,0x23,0xFF,0x95,0x23,0xFF,0x95,0x23,0xFF,
    0xB5,0x23,0xFF,0x75,0x1B,0xFF,0x36,0x44,0xFF,0xDF,0xF7,0xFF,0x1B,0x9E,0xFF,0x9C,0xBE,0xFF,0x34,0x0B,0xFF,0xB6,0x23,0xFF,0x95,0x23,0xFF,0x95,0x23,0xFF,0x95,0x23,0xFF,0x95,0x23,0xFF,0x95,0x23,0xFF,0xB6,0x23,0xFF,0xF2,0x22,0xFF,0xED,0x21,0xFF,
    0xAF,0x3A,0xFF,0xD0,0x3A,0xFF,0xD0,0x3A,0xFF,0xD0,0x3A,0xFF,0xD0,0x3A,0xFF,0xCF,0x3A,0xFF,0xD0,0x3A,0xFF,0xCF,0x3A,0xFF,0xD0,0x3A,0xFF,0xD0,0x3A,0xFF,0xCF,0x3A,0xFF,0xCF,0x3A,0xFF,0xD0,0x3A,0xFF,0xD0,0x3A,0xFF,0xD0,0x3A,0xFF,0xD0,0x3A,0xFF,
    0xD0,0x3A,0xFF,0xD0,0x3A,0xFF,0xCF,0x3A,0xFF,0xD0,0x3A,0xFF,0xD0,0x3A,0xFF,0xCF,0x3A,0xFF,0xD0,0x3A,0xFF,0xCF,0x3A,0xFF,0xCF,0x3A,0xFF,0xCF,0x3A,0xFF,0xCF,0x3A,0xFF,0xD0,0x3A,0xFF,0xD0,0x3A,0xFF,0xD0,0x3A,0xFF,0xCF,0x3A,0xFF,0xCF,0x3A,0xFF,
    0xCF,0x3A,0xFF,0xCF,0x3A,0xFF,0xD0,0x3A,0xFF,0xCF,0x3A,0xFF,0xCF,0x3A,0xFF,0xD0,0x3A,0xFF,0xCF,0x3A,0xFF,0xD0,0x3A,0xFF,0x8F,0x32,0xFF,0xED,0x21,0xFF,0x33,0x23,0xFF,0xB6,0x23,0xFF,0x95,0x23,0xFF,0x95,0x23,0xFF,0x95,0x23,0xFF,0x95,0x23,0xFF,
    0x95,0x23,0xFF,0x95,0x23,0xFF,0x95,0x23,0xFF,0x95,0x23,0xFF,0x95,0x23,0xFF,0x95,0x23,0xFF,0xB6,0x23,0xFF,0xB6,0x23,0xFF,0xB6,0x23,0xFF,0xB6,0x23,0xFF,0xB6,0x23,0xFF,0x95,0x23,0xFF,0x95,0x23,0xFF,0xB5,0x23,0xFF,0x75,0x1B,0xFF,0x97,0x54,0xFF,
    0xFF,0xFF,0xFF,0xFF,0xFF,0xFF,0xBF,0xF7,0xFF,0xBE,0xEF,0xFF,0xBE,0xEF,0xFF,0xBF,0xF7,0xFF,0xFF,0xFF,0xFF,0xFF,0xFF,0xFF,0xB7,0x5C,0xFF,0x55,0x13,0xFF,0xD6,0x2B,0xFF,0x5E,0xDF,0xFF,0xFF,0xFF,0xFF,0x99,0x85,0xFF,0x14,0x0B,0xFF,0xB7,0x5C,0xFF,
    0xFF,0xFF,0xFF,0xFF,0xFF,0xFF,0xFF,0xFF,0xFF,0xFF,0xFF,0xFF,0xFF,0xFF,0xFF,0xFF,0xFF,0xFF,0x3D,0xD7,0xFF,0xF5,0x33,0xFF,0x75,0x1B,0xFF,0xB5,0x23,0xFF,0x95,0x23,0xFF,0x95,0x23,0xFF,0xB5,0x23,0xFF,0x95,0x23,0xFF,0x95,0x23,0xFF,0x95,0x23,0xFF,
    0x95,0x23,0xFF,0x95,0x23,0xFF,0x95,0x23,0xFF,0x95,0x23,0xFF,0x95,0x23,0xFF,0x95,0x23,0xFF,0x95,0x23,0xFF,0x95,0x23,0xFF,0x95,0x23,0xFF,0x95,0x23,0xFF,0x95,0x23,0xFF,0x95,0x23,0xFF,0x95,0x23,0xFF,0x95,0x23,0xFF,0x95,0x23,0xFF,0x95,0x23,0xFF,
    0x95,0x23,0xFF,0x95,0x23,0xFF,0xB5,0x23,0xFF,0x75,0x1B,0xFF,0x36,0x44,0xFF,0xDF,0xF7,0xFF,0x1B,0x9E,0xFF,0x9C,0xBE,0xFF,0x34,0x13,0xFF,0xB6,0x23,0xFF,0x95,0x23,0xFF,0x95,0x23,0xFF,0x95,0x23,0xFF,0x95,0x23,0xFF,0x95,0x23,0xFF,0xB6,0x23,0xFF,
    0xF2,0x22,0xFF,0x0D,0x22,0xFF,0x0D,0x22,0xFF,0xED,0x21,0xFF,0xED,0x21,0xFF,0xED,0x21,0xFF,0x0D,0x22,0xFF,0x0D,0x22,0xFF,0x0D,0x1A,0xFF,0x0D,0x1A,0xFF,0x0D,0x1A,0xFF,0x0D,0x1A,0xFF,0x0D,0x1A,0xFF,0x0D,0x1A,0xFF,0xED,0x21,0xFF,0x0D,0x1A,0xFF,
    0x0D,0x1A,0xFF,0x0D,0x1A,0xFF,0x0D,0x1A,0xFF,0x0D,0x22,0xFF,0x0D,0x22,0xFF,0x0D,0x1A,0xFF,0x0D,0x1A,0xFF,0xED,0x19,0xFF,0x0D,0x1A,0xFF,0x0D,0x22,0xFF,0x0D,0x22,0xFF,0x0D,0x1A,0xFF,0x0D,0x1A,0xFF,0x0D,0x1A,0xFF,0x0D,0x22,0xFF,0xED,0x21,0xFF,
    0xED,0x21,0xFF,0xED,0x21,0xFF,0xED,0x21,0xFF,0x0D,0x22,0xFF,0x0D,0x1A,0xFF,0x0D,0x22,0xFF,0x0D,0x22,0xFF,0x0D,0x22,0xFF,0xED,0x21,0xFF,0xED,0x21,0xFF,0x0E,0x22,0xFF,0x0D,0x22,0xFF,0x33,0x23,0xFF,0xB6,0x23,0xFF,0x95,0x23,0xFF,0x95,0x23,0xFF,
    0x95,0x23,0xFF,0x95,0x23,0xFF,0x95,0x23,0xFF,0x95,0x23,0xFF,0x95,0x23,0xFF,0x95,0x23,0xFF,0x95,0x23,0xFF,0x95,0x23,0xFF,0xB5,0x23,0xFF,0xB5,0x23,0xFF,0x96,0x23,0xFF,0x95,0x23,0xFF,0x95,0x23,0xFF,0x95,0x23,0xFF,0x95,0x23,0xFF,0xB5,0x23,0xFF,
    0x54,0x13,0xFF,0x1A,0x9E,0xFF,0xFF,0xFF,0xFF,0xFF,0xFF,0xFF,0xFF,0xFF,0xFF,0xFF,0xFF,0xFF,0xFF,0xFF,0xFF,0xFF,0xFF,0xFF,0xFF,0xFF,0xFF,0xFF,0xFF,0xFF,0x3B,0xA6,0xFF,0x55,0x13,0xFF,0xD6,0x2B,0xFF,0x5E,0xDF,0xFF,0xFF,0xFF,0xFF,0x99,0x85,0xFF,
    0x14,0x0B,0xFF,0xB8,0x5C,0xFF,0xFF,0xFF,0xFF,0xFF,0xFF,0xFF,0x79,0x85,0xFF,0x77,0x54,0xFF,0x7B,0xB6,0xFF,0xFF,0xFF,0xFF,0x5E,0xDF,0xFF,0xB5,0x23,0xFF,0x95,0x23,0xFF,0x95,0x23,0xFF,0x95,0x23,0xFF,0xB5,0x23,0xFF,0xB5,0x23,0xFF,0x95,0x23,0xFF,
    0x95,0x23,0xFF,0x95,0x23,0xFF,0x95,0x23,0xFF,0x95,0x23,0xFF,0x95,0x23,0xFF,0x95,0x23,0xFF,0x95,0x23,0xFF,0x95,0x23,0xFF,0x95,0x23,0xFF,0x95,0x23,0xFF,0x95,0x23,0xFF,0x95,0x23,0xFF,0x95,0x23,0xFF,0x95,0x23,0xFF,0x95,0x23,0xFF,0x95,0x23,0xFF,
    0x95,0x23,0xFF,0x95,0x23,0xFF,0x95,0x23,0xFF,0x95,0x23,0xFF,0xB5,0x23,0xFF,0x75,0x1B,0xFF,0x36,0x44,0xFF,0xDF,0xF7,0xFF,0x1B,0x9E,0xFF,0x9C,0xBE,0xFF,0x34,0x13,0xFF,0xB6,0x23,0xFF,0x95,0x23,0xFF,0x95,0x23,0xFF,0x95,0x23,0xFF,0x95,0x23,0xFF,
    0x95,0x23,0xFF,0xB6,0x23,0xFF,0x13,0x23,0xFF,0x8C,0x11,0xFF,0x98,0xA5,0xFF,0x3D,0xE7,0xFF,0x3D,0xE7,0xFF,0x3D,0xE7,0xFF,0x3D,0xE7,0xFF,0x3D,0xE7,0xFF,0x3D,0xE7,0xFF,0x3D,0xE7,0xFF,0x3D,0xE7,0xFF,0x3D,0xE7,0xFF,0x3D,0xE7,0xFF,0x3D,0xE7,0xFF,
    0x3D,0xE7,0xFF,0x3D,0xE7,0xFF,0x3D,0xE7,0xFF,0x3D,0xE7,0xFF,0x3D,0xE7,0xFF,0x3D,0xE7,0xFF,0x3D,0xE7,0xFF,0x3D,0xE7,0xFF,0x3D,0xE7,0xFF,0x3D,0xE7,0xFF,0x3D,0xE7,0xFF,0x3D,0xE7,0xFF,0x3D,0xE7,0xFF,0x3D,0xE7,0xFF,0x3D,0xE7,0xFF,0x3D,0xE7,0xFF,
    0x3D,0xE7,0xFF,0x3D,0xE7,0xFF,0x3D,0xE7,0xFF,0x3D,0xE7,0xFF,0x3D,0xE7,0xFF,0x3D,0xE7,0xFF,0x3D,0xE7,0xFF,0x3D,0xE7,0xFF,0x3D,0xE7,0xFF,0x3D,0xE7,0xFF,0x3D,0xE7,0xFF,0x3D,0xE7,0xFF,0x34,0x74,0xFF,0xAC,0x11,0xFF,0x74,0x23,0xFF,0xB6,0x23,0xFF,
    0x95,0x23,0xFF,0x95,0x23,0xFF,0x95,0x23,0xFF,0x95,0x23,0xFF,0x95,0x23,0xFF,0x95,0x23,0xFF,0x95,0x23,0xFF,0x95,0x23,0xFF,0x95,0x23,0xFF,0x95,0x23,0xFF,0x95,0x23,0xFF,0x95,0x23,0xFF,0x95,0x23,0xFF,0x95,0x23,0xFF,0x95,0x23,0xFF,0x95,0x23,0xFF,
    0xB5,0x23,0xFF,0x95,0x23,0xFF,0xB5,0x23,0xFF,0x5E,0xE7,0xFF,0xFF,0xFF,0xFF,0x5B,0xAE,0xFF,0xF8,0x64,0xFF,0x38,0x75,0xFF,0x38,0x75,0xFF,0xF8,0x64,0xFF,0x7B,0xB6,0xFF,0xFF,0xFF,0xFF,0x9E,0xE7,0xFF,0xB5,0x2B,0xFF,0x95,0x23,0xFF,0x5E,0xDF,0xFF,
    0xFF,0xFF,0xFF,0x99,0x85,0xFF,0x34,0x0B,0xFF,0xB8,0x5C,0xFF,0xFF,0xFF,0xFF,0xFF,0xFF,0xFF,0x36,0x44,0xFF,0x14,0x03,0xFF,0x16,0x3C,0xFF,0xBF,0xF7,0xFF,0xFF,0xFF,0xFF,0xBA,0x8D,0xFF,0x54,0x13,0xFF,0xB5,0x23,0xFF,0x95,0x23,0xFF,0x95,0x23,0xFF,
    0x95,0x23,0xFF,0x95,0x23,0xFF,0x95,0x23,0xFF,0x95,0x23,0xFF,0x95,0x23,0xFF,0x95,0x23,0xFF,0x95,0x23,0xFF,0x95,0x23,0xFF,0x95,0x23,0xFF,0x95,0x23,0xFF,0x95,0x23,0xFF,0x95,0x23,0xFF,0x95,0x23,0xFF,0x95,0x23,0xFF,0x95,0x23,0xFF,0x95,0x23,0xFF,
    0x95,0x23,0xFF,0x95,0x23,0xFF,0x95,0x23,0xFF,0x95,0x23,0xFF,0x95,0x23,0xFF,0x95,0x23,0xFF,0xB5,0x23,0xFF,0x75,0x1B,0xFF,0x36,0x44,0xFF,0xDF,0xF7,0xFF,0x1B,0x9E,0xFF,0x9C,0xBE,0xFF,0x34,0x13,0xFF,0xB6,0x23,0xFF,0x95,0x23,0xFF,0x95,0x23,0xFF,
    0x95,0x23,0xFF,0x95,0x23,0xFF,0x95,0x23,0xFF,0xB5,0x23,0xFF,0x74,0x23,0xFF,0xAC,0x11,0xFF,0x54,0x7C,0xFF,0xFF,0xFF,0xFF,0xFF,0xFF,0xFF,0xFF,0xFF,0xFF,0xFF,0xFF,0xFF,0xFF,0xFF,0xFF,0xFF,0xFF,0xFF,0xFF,0xFF,0xFF,0xFF,0xFF,0xFF,0xFF,0xFF,0xFF,
    0xFF,0xFF,0xFF,0xFF,0xFF,0xFF,0xFF,0xFF,0xFF,0xFF,0xFF,0xFF,0xFF,0xFF,0xFF,0xFF,0xFF,0xFF,0xFF,0xFF,0xFF,0xFF,0xFF,0xFF,0xFF,0xFF,0xFF,0xFF,0xFF,0xFF,0xFF,0xFF,0xFF,0xFF,0xFF,0xFF,0xFF,0xFF,0xFF,0xFF,0xFF,0xFF,0xFF,0xFF,0xFF,0xFF,0xFF,0xFF,
    0xFF,0xFF,0xFF,0xFF,0xFF,0xFF,0xFF,0xFF,0xFF,0xFF,0xFF,0xFF,0xFF,0xFF,0xFF,0xFF,0xFF,0xFF,0xFF,0xFF,0xFF,0xFF,0xFF,0xFF,0xFF,0xFF,0xFF,0xFF,0xFF,0xFF,0xFF,0xFF,0xFF,0xFF,0xFF,0xFF,0xFF,0xFF,0xFF,0xFF,0xFF,0xFF,0xF0,0x42,0xFF,0x0E,0x1A,0xFF,
    0x95,0x23,0xFF,0x95,0x23,0xFF,0x95,0x23,0xFF,0x95,0x23,0xFF,0x95,0x23,0xFF,0x95,0x23,0xFF,0x95,0x23,0xFF,0x95,0x23,0xFF,0x95,0x23,0xFF,0x95,0x23,0xFF,0x95,0x23,0xFF,0x95,0x23,0xFF,0x95,0x23,0xFF,0x95,0x23,0xFF,0x95,0x23,0xFF,0x95,0x23,0xFF,
    0x95,0x23,0xFF,0x95,0x23,0xFF,0xB5,0x23,0xFF,0x55,0x13,0xFF,0xB7,0x5C,0xFF,0xFF,0xFF,0xFF,0xFF,0xFF,0xFF,0x56,0x44,0xFF,0x14,0x0B,0xFF,0x55,0x13,0xFF,0x55,0x13,0xFF,0x34,0x0B,0xFF,0x77,0x4C,0xFF,0xFF,0xFF,0xFF,0xFF,0xFF,0xFF,0xB7,0x5C,0xFF,
    0x75,0x1B,0xFF,0x7E,0xE7,0xFF,0xFF,0xFF,0xFF,0x99,0x85,0xFF,0x14,0x03,0xFF,0xB8,0x5C,0xFF,0xFF,0xFF,0xFF,0xFF,0xFF,0xFF,0x77,0x4C,0xFF,0x95,0x23,0xFF,0x55,0x13,0xFF,0xFA,0x9D,0xFF,0xFF,0xFF,0xFF,0x9E,0xEF,0xFF,0xD5,0x2B,0xFF,0x95,0x1B,0xFF,
    0x95,0x23,0xFF,0x95,0x23,0xFF,0x95,0x23,0xFF,0x95,0x23,0xFF,0x95,0x23,0xFF,0x95,0x23,0xFF,0x95,0x23,0xFF,0x95,0x23,0xFF,0x95,0x23,0xFF,0x95,0x23,0xFF,0x95,0x23,0xFF,0x95,0x23,0xFF,0x95,0x23,0xFF,0x95,0x23,0xFF,0x95,0x23,0xFF,0x95,0x23,0xFF,
    0x95,0x23,0xFF,0x95,0x23,0xFF,0x95,0x23,0xFF,0x95,0x23,0xFF,0x95,0x23,0xFF,0x95,0x23,0xFF,0x95,0x23,0xFF,0x95,0x23,0xFF,0xB5,0x23,0xFF,0x75,0x1B,0xFF,0x36,0x44,0xFF,0xDF,0xF7,0xFF,0x1B,0x9E,0xFF,0x9C,0xBE,0xFF,0x34,0x13,0xFF,0xB6,0x23,0xFF,
    0x95,0x23,0xFF,0x95,0x23,0xFF,0x95,0x23,0xFF,0x95,0x23,0xFF,0x95,0x23,0xFF,0x95,0x23,0xFF,0xB5,0x23,0xFF,0x4F,0x22,0xFF,0xED,0x21,0xFF,0xBB,0xCE,0xFF,0xFF,0xFF,0xFF,0xFF,0xFF,0xFF,0xFF,0xFF,0xFF,0xFF,0xFF,0xFF,0xFF,0xFF,0xFF,0xFF,0xFF,0xFF,
    0xFF,0xFF,0xFF,0xFF,0xFF,0xFF,0xFF,0xFF,0xFF,0xFF,0xFF,0xFF,0xFF,0xFF,0xFF,0xFF,0xFF,0xFF,0xFF,0xFF,0xFF,0xFF,0xFF,0xFF,0xFF,0xFF,0xFF,0xFF,0xFF,0xFF,0xFF,0xFF,0xFF,0xFF,0xFF,0xFF,0xFF,0xFF,0xFF,0xFF,0xFF,0xFF,0xFF,0xFF,0xFF,0xFF,0xFF,0xFF,
    0xFF,0xFF,0xFF,0xFF,0xFF,0xFF,0xFF,0xFF,0xFF,0xFF,0xFF,0xFF,0xFF,0xFF,0xFF,0xFF,0xFF,0xFF,0xFF,0xFF,0xFF,0xFF,0xFF,0xFF,0xFF,0xFF,0xFF,0xFF,0xFF,0xFF,0xFF,0xFF,0xFF,0xFF,0xFF,0xFF,0xFF,0xFF,0xFF,0xFF,0xFF,0xFF,0xFF,0xFF,0xFF,0x37,0x95,0xFF,
    0x8C,0x11,0xFF,0xD1,0x22,0xFF,0xB6,0x23,0xFF,0x95,0x23,0xFF,0x95,0x23,0xFF,0x95,0x23,0xFF,0x95,0x23,0xFF,0x95,0x23,0xFF,0x95,0x23,0xFF,0x95,0x23,0xFF,0x95,0x23,0xFF,0x95,0x23,0xFF,0x95,0x23,0xFF,0x95,0x23,0xFF,0x95,0x23,0xFF,0x95,0x23,0xFF,
    0x95,0x23,0xFF,0xB5,0x23,0xFF,0x95,0x23,0xFF,0x95,0x23,0xFF,0xB5,0x23,0xFF,0x54,0x13,0xFF,0x5B,0xAE,0xFF,0xFF,0xFF,0xFF,0x1D,0xD7,0xFF,0x95,0x1B,0xFF,0xB5,0x23,0xFF,0xB5,0x23,0xFF,0xB5,0x23,0xFF,0xB5,0x23,0xFF,0x95,0x23,0xFF,0x3D,0xD7,0xFF,
    0xFF,0xFF,0xFF,0x9C,0xB6,0xFF,0x74,0x1B,0xFF,0x9E,0xEF,0xFF,0xFF,0xFF,0xFF,0xBA,0x8D,0xFF,0x14,0x03,0xFF,0xD8,0x5C,0xFF,0xFF,0xFF,0xFF,0xFF,0xFF,0xFF,0x77,0x4C,0xFF,0x75,0x1B,0xFF,0x95,0x1B,0xFF,0x16,0x34,0xFF,0xBF,0xF7,0xFF,0xFF,0xFF,0xFF,
    0x1B,0xA6,0xFF,0x54,0x13,0xFF,0xB5,0x23,0xFF,0x95,0x23,0xFF,0x95,0x23,0xFF,0x95,0x23,0xFF,0x95,0x23,0xFF,0x95,0x23,0xFF,0x95,0x23,0xFF,0x95,0x23,0xFF,0x95,0x23,0xFF,0x95,0x23,0xFF,0x95,0x23,0xFF,0x95,0x23,0xFF,0x95,0x23,0xFF,0x95,0x23,0xFF,
    0x95,0x23,0xFF,0x95,0x23,0xFF,0x95,0x23,0xFF,0x95,0x23,0xFF,0x95,0x23,0xFF,0x95,0x23,0xFF,0x95,0x23,0xFF,0x95,0x23,0xFF,0x95,0x23,0xFF,0x95,0x23,0xFF,0xB5,0x23,0xFF,0x75,0x1B,0xFF,0x36,0x44,0xFF,0xDF,0xF7,0xFF,0x1B,0x9E,0xFF,0x9C,0xBE,0xFF,
    0x34,0x13,0xFF,0xB6,0x23,0xFF,0x95,0x23,0xFF,0x95,0x23,0xFF,0x95,0x23,0xFF,0x95,0x23,0xFF,0x95,0x23,0xFF,0x95,0x23,0xFF,0xB6,0x23,0xFF,0x33,0x23,0xFF,0xCD,0x19,0xFF,0x6E,0x2A,0xFF,0xF9,0xB5,0xFF,0xBE,0xF7,0xFF,0xDF,0xFF,0xFF,0xDF,0xFF,0xFF,
    0xDF,0xFF,0xFF,0xDF,0xFF,0xFF,0xDF,0xFF,0xFF,0xDF,0xFF,0xFF,0xDF,0xFF,0xFF,0xDF,0xFF,0xFF,0xDF,0xFF,0xFF,0xDF,0xFF,0xFF,0xDF,0xFF,0xFF,0xDF,0xFF,0xFF,0xDF,0xFF,0xFF,0xDF,0xFF,0xFF,0xDF,0xFF,0xFF,0xDF,0xFF,0xFF,0xDF,0xFF,0xFF,0xDF,0xFF,0xFF,
    0xDF,0xFF,0xFF,0xDF,0xFF,0xFF,0xDF,0xFF,0xFF,0xDF,0xFF,0xFF,0xDF,0xFF,0xFF,0xDF,0xFF,0xFF,0xDF,0xFF,0xFF,0xDF,0xFF,0xFF,0xDF,0xFF,0xFF,0xDF,0xFF,0xFF,0xDF,0xFF,0xFF,0xDF,0xFF,0xFF,0xDF,0xFF,0xFF,0xDF,0xFF,0xFF,0xDF,0xFF,0xFF,0x7E,0xEF,0xFF,
    0x17,0x95,0xFF,0xCC,0x19,0xFF,0x0E,0x1A,0xFF,0x74,0x23,0xFF,0x96,0x23,0xFF,0x95,0x23,0xFF,0x95,0x23,0xFF,0x95,0x23,0xFF,0x95,0x23,0xFF,0x95,0x23,0xFF,0x95,0x23,0xFF,0x95,0x23,0xFF,0x95,0x23,0xFF,0x95,0x23,0xFF,0x95,0x23,0xFF,0x95,0x23,0xFF,
    0x95,0x23,0xFF,0x95,0x23,0xFF,0xB5,0x23,0xFF,0xB5,0x23,0xFF,0x95,0x23,0xFF,0x95,0x23,0xFF,0xB5,0x23,0xFF,0x95,0x23,0xFF,0x97,0x54,0xFF,0xD8,0x64,0xFF,0x57,0x44,0xFF,0x95,0x1B,0xFF,0xB5,0x23,0xFF,0x95,0x23,0xFF,0x95,0x23,0xFF,0xB5,0x23,0xFF,
    0x95,0x1B,0xFF,0x57,0x44,0xFF,0xD8,0x64,0xFF,0xB7,0x54,0xFF,0x95,0x23,0xFF,0x97,0x54,0xFF,0xD8,0x64,0xFF,0x36,0x3C,0xFF,0x75,0x1B,0xFF,0xF6,0x33,0xFF,0xD8,0x64,0xFF,0xD8,0x5C,0xFF,0xD6,0x2B,0xFF,0x95,0x1B,0xFF,0xB5,0x23,0xFF,0x95,0x1B,0xFF,
    0x77,0x4C,0xFF,0xD8,0x64,0xFF,0xB7,0x54,0xFF,0x95,0x23,0xFF,0x95,0x23,0xFF,0xB5,0x23,0xFF,0x95,0x23,0xFF,0x95,0x23,0xFF,0x95,0x23,0xFF,0x95,0x23,0xFF,0x95,0x23,0xFF,0x95,0x23,0xFF,0x95,0x23,0xFF,0x95,0x23,0xFF,0x95,0x23,0xFF,0x95,0x23,0xFF,
    0x95,0x23,0xFF,0x95,0x23,0xFF,0x95,0x23,0xFF,0x95,0x23,0xFF,0x95,0x23,0xFF,0x95,0x23,0xFF,0x95,0x23,0xFF,0x95,0x23,0xFF,0x95,0x23,0xFF,0x95,0x23,0xFF,0x95,0x23,0xFF,0x95,0x23,0xFF,0xB5,0x23,0xFF,0x75,0x1B,0xFF,0x36,0x44,0xFF,0xDF,0xF7,0xFF,
    0x1B,0x9E,0xFF,0x9C,0xBE,0xFF,0x34,0x13,0xFF,0xB5,0x23,0xFF,0x95,0x23,0xFF,0x95,0x23,0xFF,0x95,0x23,0xFF,0x95,0x23,0xFF,0x95,0x23,0xFF,0x95,0x23,0xFF,0x95,0x23,0xFF,0xB5,0x23,0xFF,0xD1,0x22,0xFF,0xCD,0x19,0xFF,0xCC,0x19,0xFF,0x8F,0x32,0xFF,
    0xCF,0x3A,0xFF,0xCF,0x3A,0xFF,0xD0,0x3A,0xFF,0xCF,0x3A,0xFF,0xD0,0x3A,0xFF,0xD0,0x3A,0xFF,0xCF,0x3A,0xFF,0xCF,0x3A,0xFF,0xCF,0x3A,0xFF,0xCF,0x3A,0xFF,0xCF,0x3A,0xFF,0xCF,0x3A,0xFF,0xD0,0x3A,0xFF,0xCF,0x3A,0xFF,0xCF,0x3A,0xFF,0xD0,0x3A,0xFF,
    0xD0,0x3A,0xFF,0xCF,0x3A,0xFF,0xD0,0x3A,0xFF,0xD0,0x3A,0xFF,0xD0,0x3A,0xFF,0xCF,0x3A,0xFF,0xCF,0x3A,0xFF,0xCF,0x3A,0xFF,0xD0,0x3A,0xFF,0xCF,0x3A,0xFF,0xD0,0x3A,0xFF,0xCF,0x3A,0xFF,0xD0,0x3A,0xFF,0xCF,0x3A,0xFF,0xCF,0x3A,0xFF,0xCF,0x3A,0xFF,
    0xCF,0x3A,0xFF,0x6E,0x32,0xFF,0x8C,0x11,0xFF,0x0E,0x22,0xFF,0x33,0x23,0xFF,0xB6,0x23,0xFF,0x95,0x23,0xFF,0x95,0x23,0xFF,0x95,0x23,0xFF,0x95,0x23,0xFF,0x95,0x23,0xFF,0x95,0x23,0xFF,0x95,0x23,0xFF,0x95,0x23,0xFF,0x95,0x23,0xFF,0x95,0x23,0xFF,
    0x95,0x23,0xFF,0x95,0x23,0xFF,0x95,0x23,0xFF,0x95,0x23,0xFF,0xB6,0x23,0xFF,0x95,0x23,0xFF,0x95,0x23,0xFF,0x95,0x23,0xFF,0xB6,0x23,0xFF,0xB5,0x23,0xFF,0x75,0x13,0xFF,0x55,0x13,0xFF,0x75,0x1B,0xFF,0xB5,0x23,0xFF,0x95,0x23,0xFF,0x95,0x23,0xFF,
    0x95,0x23,0xFF,0x95,0x23,0xFF,0xB5,0x23,0xFF,0x75,0x1B,0xFF,0x55,0x13,0xFF,0x75,0x13,0xFF,0x95,0x23,0xFF,0x75,0x13,0xFF,0x55,0x13,0xFF,0x75,0x1B,0xFF,0xB5,0x23,0xFF,0x95,0x1B,0xFF,0x75,0x13,0xFF,0x55,0x13,0xFF,0x95,0x1B,0xFF,0x95,0x23,0xFF,
    0x95,0x23,0xFF,0xB5,0x23,0xFF,0x75,0x1B,0xFF,0x55,0x13,0xFF,0x75,0x13,0xFF,0x95,0x23,0xFF,0x95,0x23,0xFF,0x95,0x23,0xFF,0x95,0x23,0xFF,0x95,0x23,0xFF,0x95,0x23,0xFF,0x95,0x23,0xFF,0x95,0x23,0xFF,0x95,0x23,0xFF,0x95,0x23,0xFF,0x95,0x23,0xFF,
    0x95,0x23,0xFF,0x95,0x23,0xFF,0x95,0x23,0xFF,0x95,0x23,0xFF,0x95,0x23,0xFF,0x95,0x23,0xFF,0x95,0x23,0xFF,0x95,0x23,0xFF,0x95,0x23,0xFF,0x95,0x23,0xFF,0x95,0x23,0xFF,0x95,0x23,0xFF,0x95,0x23,0xFF,0x95,0x23,0xFF,0xB5,0x23,0xFF,0x75,0x1B,0xFF,
    0x36,0x44,0xFF,0xDF,0xF7,0xFF,0x1B,0x9E,0xFF,0x9C,0xBE,0xFF,0x34,0x13,0xFF,0xB5,0x23,0xFF,0x95,0x23,0xFF,0x95,0x23,0xFF,0x95,0x23,0xFF,0x95,0x23,0xFF,0x95,0x23,0xFF,0x95,0x23,0xFF,0x95,0x23,0xFF,0x95,0x23,0xFF,0xB6,0x23,0xFF,0x12,0x23,0xFF,
    0x4F,0x22,0xFF,0xED,0x19,0xFF,0xED,0x19,0xFF,0xED,0x19,0xFF,0xCD,0x19,0xFF,0xCD,0x19,0xFF,0xCD,0x19,0xFF,0xCD,0x19,0xFF,0xCD,0x19,0xFF,0xCD,0x19,0xFF,0xCD,0x19,0xFF,0xCD,0x19,0xFF,0xCD,0x19,0xFF,0xCD,0x19,0xFF,0xCD,0x19,0xFF,0xCD,0x19,0xFF,
    0xCD,0x19,0xFF,0xCD,0x19,0xFF,0xCD,0x19,0xFF,0xCD,0x19,0xFF,0xCD,0x19,0xFF,0xED,0x19,0xFF,0xED,0x19,0xFF,0xCD,0x19,0xFF,0xCD,0x19,0xFF,0xCD,0x19,0xFF,0xCD,0x19,0xFF,0xCD,0x19,0xFF,0xCD,0x19,0xFF,0xCD,0x19,0xFF,0xCD,0x19,0xFF,0xCD,0x19,0xFF,
    0xCD,0x19,0xFF,0xCD,0x19,0xFF,0xCD,0x19,0xFF,0xED,0x19,0xFF,0x70,0x22,0xFF,0x54,0x23,0xFF,0xB6,0x23,0xFF,0x95,0x23,0xFF,0x95,0x23,0xFF,0x95,0x23,0xFF,0x95,0x23,0xFF,0x95,0x23,0xFF,0x95,0x23,0xFF,0x95,0x23,0xFF,0x95,0x23,0xFF,0x95,0x23,0xFF,
    0x95,0x23,0xFF,0x95,0x23,0xFF,0x95,0x23,0xFF,0x95,0x23,0xFF,0x95,0x23,0xFF,0x95,0x23,0xFF,0x95,0x23,0xFF,0x95,0x23,0xFF,0x95,0x23,0xFF,0x95,0x23,0xFF,0xB6,0x23,0xFF,0x95,0x23,0xFF,0xB5,0x23,0xFF,0xB5,0x23,0xFF,0xB5,0x23,0xFF,0x95,0x23,0xFF,
    0x95,0x23,0xFF,0x95,0x23,0xFF,0x95,0x23,0xFF,0x95,0x23,0xFF,0x95,0x23,0xFF,0xB5,0x23,0xFF,0xB5,0x23,0xFF,0x95,0x23,0xFF,0x95,0x23,0xFF,0xB5,0x23,0xFF,0xB5,0x23,0xFF,0xB5,0x23,0xFF,0x95,0x23,0xFF,0x95,0x23,0xFF,0xB5,0x23,0xFF,0xB5,0x23,0xFF,
    0x95,0x23,0xFF,0x95,0x23,0xFF,0x95,0x23,0xFF,0x95,0x23,0xFF,0xB5,0x23,0xFF,0xB5,0x23,0xFF,0xB5,0x23,0xFF,0x95,0x23,0xFF,0x95,0x23,0xFF,0x95,0x23,0xFF,0x95,0x23,0xFF,0x95,0x23,0xFF,0x95,0x23,0xFF,0x95,0x23,0xFF,0x95,0x23,0xFF,0x95,0x23,0xFF,
    0x95,0x23,0xFF,0x95,0x23,0xFF,0x95,0x23,0xFF,0x95,0x23,0xFF,0x95,0x23,0xFF,0x95,0x23,0xFF,0x95,0x23,0xFF,0x95,0x23,0xFF,0x95,0x23,0xFF,0x95,0x23,0xFF,0x95,0x23,0xFF,0x95,0x23,0xFF,0x95,0x23,0xFF,0x95,0x23,0xFF,0x95,0x23,0xFF,0x95,0x23,0xFF,
    0xB5,0x23,0xFF,0x75,0x1B,0xFF,0x36,0x44,0xFF,0xDF,0xF7,0xFF,0x1B,0x9E,0xFF,0x9C,0xBE,0xFF,0x34,0x13,0xFF,0xB5,0x23,0xFF,0x95,0x23,0xFF,0x95,0x23,0xFF,0x95,0x23,0xFF,0x95,0x23,0xFF,0x95,0x23,0xFF,0x95,0x23,0xFF,0x95,0x23,0xFF,0x95,0x23,0xFF,
    0x95,0x23,0xFF,0xB6,0x23,0xFF,0x95,0x23,0xFF,0x74,0x23,0xFF,0x54,0x23,0xFF,0x54,0x23,0xFF,0x54,0x23,0xFF,0x54,0x23,0xFF,0x54,0x23,0xFF,0x54,0x23,0xFF,0x54,0x23,0xFF,0x54,0x23,0xFF,0x54,0x23,0xFF,0x54,0x23,0xFF,0x54,0x23,0xFF,0x54,0x23,0xFF,
    0x54,0x23,0xFF,0x54,0x23,0xFF,0x54,0x23,0xFF,0x54,0x23,0xFF,0x54,0x23,0xFF,0x54,0x23,0xFF,0x54,0x23,0xFF,0x54,0x23,0xFF,0x54,0x23,0xFF,0x54,0x23,0xFF,0x54,0x23,0xFF,0x54,0x23,0xFF,0x54,0x23,0xFF,0x54,0x23,0xFF,0x54,0x23,0xFF,0x54,0x23,0xFF,
    0x54,0x23,0xFF,0x54,0x23,0xFF,0x54,0x23,0xFF,0x54,0x23,0xFF,0x74,0x23,0xFF,0x74,0x23,0xFF,0xB6,0x23,0xFF,0xB6,0x23,0xFF,0x95,0x23,0xFF,0x95,0x23,0xFF,0x95,0x23,0xFF,0x95,0x23,0xFF,0x95,0x23,0xFF,0x95,0x23,0xFF,0x95,0x23,0xFF,0x95,0x23,0xFF,
    0x95,0x23,0xFF,0x95,0x23,0xFF,0x95,0x23,0xFF,0x95,0x23,0xFF,0x95,0x23,0xFF,0x95,0x23,0xFF,0x95,0x23,0xFF,0x95,0x23,0xFF,0x95,0x23,0xFF,0x95,0x23,0xFF,0x95,0x23,0xFF,0x95,0x23,0xFF,0x95,0x23,0xFF,0x95,0x23,0xFF,0x95,0x23,0xFF,0x95,0x23,0xFF,
    0x95,0x23,0xFF,0x95,0x23,0xFF,0x95,0x23,0xFF,0x95,0x23,0xFF,0x95,0x23,0xFF,0x95,0x23,0xFF,0x95,0x23,0xFF,0x95,0x23,0xFF,0x95,0x23,0xFF,0x95,0x23,0xFF,0x95,0x23,0xFF,0x95,0x23,0xFF,0x95,0x23,0xFF,0x95,0x23,0xFF,0x95,0x23,0xFF,0x95,0x23,0xFF,
    0x95,0x23,0xFF,0x95,0x23,0xFF,0x95,0x23,0xFF,0x95,0x23,0xFF,0x95,0x23,0xFF,0x95,0x23,0xFF,0x95,0x23,0xFF,0x95,0x23,0xFF,0x95,0x23,0xFF,0x95,0x23,0xFF,0x95,0x23,0xFF,0x95,0x23,0xFF,0x95,0x23,0xFF,0x95,0x23,0xFF,0x95,0x23,0xFF,0x95,0x23,0xFF,
    0x95,0x23,0xFF,0x95,0x23,0xFF,0x95,0x23,0xFF,0x95,0x23,0xFF,0x95,0x23,0xFF,0x95,0x23,0xFF,0x95,0x23,0xFF,0x95,0x23,0xFF,0x95,0x23,0xFF,0x95,0x23,0xFF,0x95,0x23,0xFF,0x95,0x23,0xFF,0x95,0x23,0xFF,0x95,0x23,0xFF,0x95,0x23,0xFF,0x95,0x23,0xFF,
    0x95,0x23,0xFF,0x95,0x23,0xFF,0xB5,0x23,0xFF,0x75,0x1B,0xFF,0x36,0x44,0xFF,0xDF,0xF7,0xFF,0x1B,0x9E,0xFF,0x9C,0xBE,0xFF,0x34,0x13,0xFF,0xB5,0x23,0xFF,0x95,0x23,0xFF,0x95,0x23,0xFF,0x95,0x23,0xFF,0x95,0x23,0xFF,0x95,0x23,0xFF,0x95,0x23,0xFF,
    0x95,0x23,0xFF,0x95,0x23,0xFF,0x95,0x23,0xFF,0x95,0x23,0xFF,0x95,0x23,0xFF,0xB5,0x23,0xFF,0xB6,0x23,0xFF,0xB6,0x23,0xFF,0xB6,0x23,0xFF,0xB6,0x23,0xFF,0xB6,0x23,0xFF,0xB6,0x23,0xFF,0xB6,0x23,0xFF,0xB6,0x23,0xFF,0xB6,0x23,0xFF,0xB6,0x23,0xFF,
    0xB6,0x23,0xFF,0xB6,0x23,0xFF,0xB6,0x23,0xFF,0xB6,0x23,0xFF,0xB6,0x23,0xFF,0xB6,0x23,0xFF,0xB6,0x23,0xFF,0xB5,0x23,0xFF,0xB5,0x23,0xFF,0xB6,0x23,0xFF,0xB5,0x23,0xFF,0xB5,0x23,0xFF,0xB5,0x23,0xFF,0xB6,0x23,0xFF,0xB6,0x23,0xFF,0xB6,0x23,0xFF,
    0xB6,0x23,0xFF,0xB6,0x23,0xFF,0xB5,0x23,0xFF,0xB5,0x23,0xFF,0xB5,0x23,0xFF,0xB6,0x23,0xFF,0xB6,0x23,0xFF,0xB6,0x23,0xFF,0x95,0x23,0xFF,0x95,0x23,0xFF,0x95,0x23,0xFF,0x95,0x23,0xFF,0x95,0x23,0xFF,0x95,0x23,0xFF,0x95,0x23,0xFF,0x95,0x23,0xFF,
    0x95,0x23,0xFF,0x95,0x23,0xFF,0x95,0x23,0xFF,0x95,0x23,0xFF,0x95,0x23,0xFF,0x95,0x23,0xFF,0x95,0x23,0xFF,0x95,0x23,0xFF,0x95,0x23,0xFF,0x95,0x23,0xFF,0x95,0x23,0xFF,0x95,0x23,0xFF,0x95,0x23,0xFF,0x95,0x23,0xFF,0x95,0x23,0xFF,0x95,0x23,0xFF,
    0x95,0x23,0xFF,0x95,0x23,0xFF,0x95,0x23,0xFF,0x95,0x23,0xFF,0x95,0x23,0xFF,0x95,0x23,0xFF,0x95,0x23,0xFF,0x95,0x23,0xFF,0x95,0x23,0xFF,0x95,0x23,0xFF,0x95,0x23,0xFF,0x95,0x23,0xFF,0x95,0x23,0xFF,0x95,0x23,0xFF,0x95,0x23,0xFF,0x95,0x23,0xFF,
    0x95,0x23,0xFF,0x95,0x23,0xFF,0x95,0x23,0xFF,0xB5,0x23,0xFF,0x95,0x23,0xFF,0x95,0x23,0xFF,0x95,0x23,0xFF,0x95,0x23,0xFF,0x95,0x23,0xFF,0x95,0x23,0xFF,0x95,0x23,0xFF,0x95,0x23,0xFF,0x95,0x23,0xFF,0x95,0x23,0xFF,0x95,0x23,0xFF,0x95,0x23,0xFF,
    0x95,0x23,0xFF,0x95,0x23,0xFF,0x95,0x23,0xFF,0x95,0x23,0xFF,0x95,0x23,0xFF,0x95,0x23,0xFF,0x95,0x23,0xFF,0x95,0x23,0xFF,0x95,0x23,0xFF,0x95,0x23,0xFF,0x95,0x23,0xFF,0x95,0x23,0xFF,0x95,0x23,0xFF,0x95,0x23,0xFF,0x95,0x23,0xFF,0x95,0x23,0xFF,
    0x95,0x23,0xFF,0x95,0x23,0xFF,0xB5,0x23,0xFF,0x95,0x1B,0xFF,0xB5,0x23,0xFF,0x75,0x1B,0xFF,0x36,0x44,0xFF,0xDF,0xF7,0xFF,0x1B,0x9E,0xFF,0x9C,0xBE,0xFF,0x34,0x13,0xFF,0xB5,0x23,0xFF,0x95,0x23,0xFF,0x95,0x23,0xFF,0x95,0x23,0xFF,0x95,0x23,0xFF,
    0x95,0x23,0xFF,0x95,0x23,0xFF,0x95,0x23,0xFF,0x95,0x23,0xFF,0x95,0x23,0xFF,0x95,0x23,0xFF,0x95,0x23,0xFF,0x95,0x23,0xFF,0x95,0x23,0xFF,0x95,0x23,0xFF,0x95,0x23,0xFF,0x95,0x23,0xFF,0x95,0x23,0xFF,0x95,0x23,0xFF,0x95,0x23,0xFF,0x95,0x23,0xFF,
    0x95,0x23,0xFF,0x95,0x23,0xFF,0x95,0x23,0xFF,0x95,0x23,0xFF,0x95,0x23,0xFF,0x95,0x23,0xFF,0x95,0x23,0xFF,0x95,0x23,0xFF,0x95,0x23,0xFF,0x95,0x23,0xFF,0x95,0x23,0xFF,0x95,0x23,0xFF,0x95,0x23,0xFF,0x95,0x23,0xFF,0x95,0x23,0xFF,0x95,0x23,0xFF,
    0x95,0x23,0xFF,0x95,0x23,0xFF,0x95,0x23,0xFF,0x95,0x23,0xFF,0x95,0x23,0xFF,0x95,0x23,0xFF,0x95,0x23,0xFF,0x95,0x23,0xFF,0x95,0x23,0xFF,0x95,0x23,0xFF,0x95,0x23,0xFF,0x95,0x23,0xFF,0x95,0x23,0xFF,0x95,0x23,0xFF,0x95,0x23,0xFF,0x95,0x23,0xFF,
    0x95,0x23,0xFF,0x95,0x23,0xFF,0x95,0x23,0xFF,0x95,0x23,0xFF,0x95,0x23,0xFF,0x95,0x23,0xFF,0x95,0x23,0xFF,0x95,0x23,0xFF,0x95,0x23,0xFF,0x95,0x23,0xFF,0x95,0x23,0xFF,0x95,0x23,0xFF,0x95,0x23,0xFF,0x95,0x23,0xFF,0x95,0x23,0xFF,0x95,0x23,0xFF,
    0x95,0x23,0xFF,0x95,0x23,0xFF,0x95,0x23,0xFF,0x95,0x23,0xFF,0x95,0x23,0xFF,0x95,0x23,0xFF,0x95,0x23,0xFF,0x95,0x23,0xFF,0x95,0x23,0xFF,0x95,0x23,0xFF,0x95,0x23,0xFF,0x95,0x23,0xFF,0x95,0x23,0xFF,0x95,0x23,0xFF,0x95,0x23,0xFF,0x95,0x23,0xFF,
    0x95,0x23,0xFF,0x95,0x23,0xFF,0x95,0x23,0xFF,0x95,0x23,0xFF,0x95,0x23,0xFF,0xB5,0x23,0xFF,0x95,0x23,0xFF,0x95,0x23,0xFF,0x95,0x23,0xFF,0xB5,0x23,0xFF,0xB6,0x23,0xFF,0x95,0x23,0xFF,0x95,0x23,0xFF,0x95,0x23,0xFF,0x95,0x23,0xFF,0x95,0x23,0xFF,
    0x95,0x23,0xFF,0x95,0x23,0xFF,0x95,0x23,0xFF,0x95,0x23,0xFF,0x95,0x23,0xFF,0x95,0x23,0xFF,0x95,0x23,0xFF,0x95,0x23,0xFF,0x95,0x23,0xFF,0x95,0x23,0xFF,0x95,0x23,0xFF,0x95,0x23,0xFF,0x95,0x23,0xFF,0x95,0x23,0xFF,0x95,0x23,0xFF,0x95,0x23,0xFF,
    0x95,0x23,0xFF,0x95,0x23,0xFF,0x95,0x23,0xFF,0xB5,0x23,0xFF,0x75,0x1B,0xFF,0x37,0x44,0xFF,0xB5,0x23,0xFF,0x75,0x1B,0xFF,0x36,0x44,0xFF,0xDF,0xF7,0xFF,0xFA,0x95,0xFF,0xBC,0xC6,0xFF,0x54,0x13,0xFF,0xB5,0x23,0xFF,0x95,0x23,0xFF,0x95,0x23,0xFF,
    0x95,0x23,0xFF,0xB5,0x23,0xFF,0xB6,0x23,0xFF,0x95,0x23,0xFF,0x95,0x23,0xFF,0x95,0x23,0xFF,0x95,0x23,0xFF,0x95,0x23,0xFF,0x95,0x23,0xFF,0x95,0x23,0xFF,0x95,0x23,0xFF,0x95,0x23,0xFF,0x95,0x23,0xFF,0x95,0x23,0xFF,0x95,0x23,0xFF,0x95,0x23,0xFF,
    0x95,0x23,0xFF,0x95,0x23,0xFF,0x95,0x23,0xFF,0x95,0x23,0xFF,0x95,0x23,0xFF,0x95,0x23,0xFF,0x95,0x23,0xFF,0x95,0x23,0xFF,0x95,0x23,0xFF,0x95,0x23,0xFF,0x95,0x23,0xFF,0x95,0x23,0xFF,0x95,0x23,0xFF,0x95,0x23,0xFF,0x95,0x23,0xFF,0x95,0x23,0xFF,
    0x95,0x23,0xFF,0x95,0x23,0xFF,0x95,0x23,0xFF,0x95,0x23,0xFF,0x95,0x23,0xFF,0x95,0x23,0xFF,0x95,0x23,0xFF,0x95,0x23,0xFF,0x95,0x23,0xFF,0x95,0x23,0xFF,0x95,0x23,0xFF,0x95,0x23,0xFF,0x95,0x23,0xFF,0x95,0x23,0xFF,0x95,0x23,0xFF,0x95,0x23,0xFF,
    0x95,0x23,0xFF,0x95,0x23,0xFF,0x95,0x23,0xFF,0x95,0x23,0xFF,0x95,0x23,0xFF,0x95,0x23,0xFF,0x95,0x23,0xFF,0x95,0x23,0xFF,0x95,0x23,0xFF,0x95,0x23,0xFF,0x95,0x23,0xFF,0x95,0x23,0xFF,0x95,0x23,0xFF,0x95,0x23,0xFF,0x95,0x23,0xFF,0x96,0x23,0xFF,
    0x95,0x23,0xFF,0x95,0x23,0xFF,0x95,0x23,0xFF,0x95,0x23,0xFF,0x95,0x23,0xFF,0x95,0x23,0xFF,0x95,0x23,0xFF,0x95,0x23,0xFF,0x95,0x23,0xFF,0x95,0x23,0xFF,0x95,0x23,0xFF,0x95,0x23,0xFF,0x95,0x23,0xFF,0x95,0x23,0xFF,0x95,0x23,0xFF,0x95,0x23,0xFF,
    0x95,0x23,0xFF,0x95,0x23,0xFF,0x95,0x23,0xFF,0x95,0x23,0xFF,0x95,0x23,0xFF,0x95,0x23,0xFF,0xB5,0x23,0xFF,0x95,0x23,0xFF,0x95,0x23,0xFF,0x95,0x23,0xFF,0x95,0x23,0xFF,0x95,0x23,0xFF,0xB5,0x23,0xFF,0x95,0x23,0xFF,0x95,0x23,0xFF,0x95,0x23,0xFF,
    0x95,0x23,0xFF,0x95,0x23,0xFF,0x95,0x23,0xFF,0x95,0x23,0xFF,0x95,0x23,0xFF,0x95,0x23,0xFF,0x95,0x23,0xFF,0x95,0x23,0xFF,0x95,0x23,0xFF,0x95,0x23,0xFF,0xB5,0x23,0xFF,0x95,0x23,0xFF,0x95,0x23,0xFF,0x95,0x23,0xFF,0x95,0x23,0xFF,0x95,0x23,0xFF,
    0x95,0x23,0xFF,0x95,0x23,0xFF,0x95,0x23,0xFF,0x95,0x23,0xFF,0x95,0x23,0xFF,0x95,0x23,0xFF,0xD6,0x2B,0xFF,0xBA,0x8D,0xFF,0x97,0x54,0xFF,0x55,0x13,0xFF,0x77,0x4C,0xFF,0xDF,0xF7,0xFF,0x99,0x85,0xFF,0x3D,0xD7,0xFF,0x95,0x1B,0xFF,0xB6,0x23,0xFF,
    0xB5,0x23,0xFF,0x95,0x23,0xFF,0x95,0x23,0xFF,0xB6,0x23,0xFF,0xB6,0x23,0xFF,0x96,0x23,0xFF,0x95,0x23,0xFF,0x95,0x23,0xFF,0x95,0x23,0xFF,0x95,0x23,0xFF,0x95,0x23,0xFF,0x95,0x23,0xFF,0x95,0x23,0xFF,0x95,0x23,0xFF,0x95,0x23,0xFF,0x95,0x23,0xFF,
    0x95,0x23,0xFF,0x95,0x23,0xFF,0x95,0x23,0xFF,0x95,0x23,0xFF,0x95,0x23,0xFF,0x95,0x23,0xFF,0x95,0x23,0xFF,0x95,0x23,0xFF,0x95,0x23,0xFF,0x95,0x23,0xFF,0x95,0x23,0xFF,0x95,0x23,0xFF,0x95,0x23,0xFF,0x95,0x23,0xFF,0x95,0x23,0xFF,0x95,0x23,0xFF,
    0x95,0x23,0xFF,0x95,0x23,0xFF,0x95,0x23,0xFF,0x95,0x23,0xFF,0x95,0x23,0xFF,0x95,0x23,0xFF,0x95,0x23,0xFF,0x95,0x23,0xFF,0x95,0x23,0xFF,0x95,0x23,0xFF,0x95,0x23,0xFF,0x95,0x23,0xFF,0x95,0x23,0xFF,0x95,0x23,0xFF,0x95,0x23,0xFF,0x95,0x23,0xFF,
    0x95,0x23,0xFF,0x95,0x23,0xFF,0x95,0x23,0xFF,0x95,0x23,0xFF,0x95,0x23,0xFF,0x95,0x23,0xFF,0x95,0x23,0xFF,0x96,0x23,0xFF,0x95,0x23,0xFF,0xB5,0x23,0xFF,0xB5,0x23,0xFF,0x95,0x23,0xFF,0x95,0x23,0xFF,0x95,0x23,0xFF,0x95,0x23,0xFF,0x95,0x23,0xFF,
    0x95,0x23,0xFF,0xB6,0x23,0xFF,0xB6,0x23,0xFF,0x95,0x23,0xFF,0x95,0x23,0xFF,0x95,0x23,0xFF,0x95,0x23,0xFF,0x95,0x23,0xFF,0x95,0x23,0xFF,0x95,0x23,0xFF,0x95,0x23,0xFF,0x95,0x23,0xFF,0x95,0x23,0xFF,0x95,0x23,0xFF,0x95,0x23,0xFF,0x95,0x23,0xFF,
    0x95,0x23,0xFF,0x95,0x23,0xFF,0x95,0x23,0xFF,0x95,0x23,0xFF,0x95,0x23,0xFF,0x95,0x23,0xFF,0x95,0x23,0xFF,0x95,0x23,0xFF,0x95,0x23,0xFF,0x95,0x23,0xFF,0x95,0x23,0xFF,0x95,0x23,0xFF,0x95,0x23,0xFF,0x95,0x23,0xFF,0x95,0x23,0xFF,0x95,0x23,0xFF,
    0x95,0x23,0xFF,0x95,0x23,0xFF,0x95,0x23,0xFF,0x95,0x23,0xFF,0x95,0x23,0xFF,0x95,0x23,0xFF,0x95,0x23,0xFF,0x95,0x23,0xFF,0x95,0x23,0xFF,0x95,0x23,0xFF,0x95,0x23,0xFF,0x95,0x23,0xFF,0xB5,0x23,0xFF,0xB5,0x23,0xFF,0x95,0x23,0xFF,0x95,0x23,0xFF,
    0x95,0x23,0xFF,0x95,0x23,0xFF,0x95,0x23,0xFF,0x95,0x23,0xFF,0x95,0x23,0xFF,0x95,0x23,0xFF,0x95,0x23,0xFF,0x95,0x23,0xFF,0x39,0x75,0xFF,0x1B,0x9E,0xFF,0xDA,0x95,0xFF,0xD6,0x2B,0xFF,0xF8,0x64,0xFF,0xBE,0xEF,0xFF,0x58,0x7D,0xFF,0x9E,0xE7,0xFF,
    0x97,0x54,0xFF,0x75,0x1B,0xFF,0xB6,0x23,0xFF,0x95,0x23,0xFF,0x95,0x23,0xFF,0xB6,0x23,0xFF,0xB5,0x23,0xFF,0x95,0x23,0xFF,0x95,0x23,0xFF,0x95,0x23,0xFF,0x95,0x23,0xFF,0x95,0x23,0xFF,0x95,0x23,0xFF,0x95,0x23,0xFF,0x95,0x23,0xFF,0x95,0x23,0xFF,
    0x95,0x23,0xFF,0x95,0x23,0xFF,0x95,0x23,0xFF,0x95,0x23,0xFF,0x95,0x23,0xFF,0x95,0x23,0xFF,0x95,0x23,0xFF,0x95,0x23,0xFF,0x95,0x23,0xFF,0x95,0x23,0xFF,0x95,0x23,0xFF,0x95,0x23,0xFF,0x95,0x23,0xFF,0x95,0x23,0xFF,0x95,0x23,0xFF,0x95,0x23,0xFF,
    0x95,0x23,0xFF,0x95,0x23,0xFF,0x95,0x23,0xFF,0x95,0x23,0xFF,0x95,0x23,0xFF,0x95,0x23,0xFF,0x95,0x23,0xFF,0x95,0x23,0xFF,0x95,0x23,0xFF,0x95,0x23,0xFF,0x95,0x23,0xFF,0x95,0x23,0xFF,0x95,0x23,0xFF,0x95,0x23,0xFF,0x95,0x23,0xFF,0x95,0x23,0xFF,
    0x95,0x23,0xFF,0x95,0x23,0xFF,0x95,0x23,0xFF,0x95,0x23,0xFF,0x95,0x23,0xFF,0x95,0x23,0xFF,0x95,0x23,0xFF,0x95,0x23,0xFF,0x95,0x23,0xFF,0xB5,0x23,0xFF,0xB6,0x23,0xFF,0xB6,0x23,0xFF,0xB5,0x23,0xFF,0x95,0x23,0xFF,0x95,0x23,0xFF,0x95,0x23,0xFF,
    0x95,0x23,0xFF,0x95,0x23,0xFF,0x95,0x23,0xFF,0x95,0x23,0xFF,0x95,0x23,0xFF,0x95,0x23,0xFF,0x95,0x23,0xFF,0x95,0x23,0xFF,0x95,0x23,0xFF,0x95,0x23,0xFF,0x95,0x23,0xFF,0x95,0x23,0xFF,0x95,0x23,0xFF,0x95,0x23,0xFF,0x95,0x23,0xFF,0x95,0x23,0xFF,
    0x95,0x23,0xFF,0x95,0x23,0xFF,0x95,0x23,0xFF,0x95,0x23,0xFF,0x95,0x23,0xFF,0x95,0x23,0xFF,0x95,0x23,0xFF,0x95,0x23,0xFF,0x95,0x23,0xFF,0x95,0x23,0xFF,0x95,0x23,0xFF,0x95,0x23,0xFF,0x95,0x23,0xFF,0x95,0x23,0xFF,0x95,0x23,0xFF,0x95,0x23,0xFF,
    0x95,0x23,0xFF,0x95,0x23,0xFF,0x95,0x23,0xFF,0x95,0x23,0xFF,0x95,0x23,0xFF,0x95,0x23,0xFF,0x95,0x23,0xFF,0x95,0x23,0xFF,0x95,0x23,0xFF,0x95,0x23,0xFF,0x95,0x23,0xFF,0x95,0x23,0xFF,0x95,0x23,0xFF,0x95,0x23,0xFF,0x95,0x23,0xFF,0xB5,0x23,0xFF,
    0xB5,0x23,0xFF,0x95,0x23,0xFF,0x95,0x23,0xFF,0x95,0x23,0xFF,0x95,0x23,0xFF,0x95,0x23,0xFF,0x95,0x23,0xFF,0x95,0x23,0xFF,0x95,0x23,0xFF,0x95,0x23,0xFF,0xD6,0x2B,0xFF,0x9A,0x85,0xFF,0x97,0x54,0xFF,0x14,0x0B,0xFF,0x9C,0xBE,0xFF,0x9C,0xB6,0xFF,
    0x5B,0xAE,0xFF,0x5B,0xAE,0xFF,0x1D,0xD7,0xFF,0x34,0x0B,0xFF,0xB6,0x23,0xFF,0xB5,0x23,0xFF,0xB5,0x23,0xFF,0xB6,0x23,0xFF,0xB5,0x23,0xFF,0xB5,0x23,0xFF,0xB5,0x23,0xFF,0xB5,0x23,0xFF,0xB5,0x23,0xFF,0xB5,0x23,0xFF,0xB5,0x23,0xFF,0xB5,0x23,0xFF,
    0xB5,0x23,0xFF,0xB5,0x23,0xFF,0xB5,0x23,0xFF,0xB5,0x23,0xFF,0xB5,0x23,0xFF,0xB5,0x23,0xFF,0xB5,0x23,0xFF,0xB5,0x23,0xFF,0xB5,0x23,0xFF,0xB5,0x23,0xFF,0xB5,0x23,0xFF,0xB5,0x23,0xFF,0xB5,0x23,0xFF,0xB5,0x23,0xFF,0xB5,0x23,0xFF,0xB5,0x23,0xFF,
    0xB5,0x23,0xFF,0xB5,0x23,0xFF,0xB5,0x23,0xFF,0xB5,0x23,0xFF,0xB5,0x23,0xFF,0xB6,0x23,0xFF,0xB5,0x23,0xFF,0xB5,0x23,0xFF,0xB5,0x23,0xFF,0xB5,0x23,0xFF,0xB5,0x23,0xFF,0xB5,0x23,0xFF,0xB5,0x23,0xFF,0xB6,0x23,0xFF,0xB6,0x23,0xFF,0xB5,0x23,0xFF,
    0xB5,0x23,0xFF,0xB5,0x23,0xFF,0xB5,0x23,0xFF,0xB5,0x23,0xFF,0xB5,0x23,0xFF,0xB5,0x23,0xFF,0xB5,0x23,0xFF,0xB5,0x23,0xFF,0xB5,0x23,0xFF,0xB5,0x23,0xFF,0xB6,0x23,0xFF,0xB6,0x23,0xFF,0xB5,0x23,0xFF,0xB5,0x23,0xFF,0xB5,0x23,0xFF,0xB5,0x23,0xFF,
    0xB5,0x23,0xFF,0xB5,0x23,0xFF,0xB5,0x23,0xFF,0xB5,0x23,0xFF,0xB5,0x23,0xFF,0xB5,0x23,0xFF,0xB5,0x23,0xFF,0xB5,0x23,0xFF,0xB5,0x23,0xFF,0xB5,0x23,0xFF,0xB5,0x23,0xFF,0xB5,0x23,0xFF,0xB5,0x23,0xFF,0xB5,0x23,0xFF,0xB5,0x23,0xFF,0xB5,0x23,0xFF,
    0xB5,0x23,0xFF,0xB5,0x23,0xFF,0xB6,0x23,0xFF,0xB6,0x23,0xFF,0xB6,0x23,0xFF,0xB5,0x23,0xFF,0xB5,0x23,0xFF,0xB5,0x23,0xFF,0xB5,0x23,0xFF,0xB5,0x23,0xFF,0xB5,0x23,0xFF,0xB5,0x23,0xFF,0xB5,0x23,0xFF,0xB5,0x23,0xFF,0xB5,0x23,0xFF,0xB6,0x23,0xFF,
    0xB6,0x23,0xFF,0xB5,0x23,0xFF,0xB5,0x23,0xFF,0xB5,0x23,0xFF,0xB5,0x23,0xFF,0xB5,0x23,0xFF,0xB5,0x23,0xFF,0xB5,0x23,0xFF,0xB5,0x23,0xFF,0xB5,0x23,0xFF,0xB5,0x23,0xFF,0xB5,0x23,0xFF,0xB5,0x23,0xFF,0xB5,0x23,0xFF,0xB5,0x23,0xFF,0xB5,0x23,0xFF,
    0xB5,0x23,0xFF,0xB5,0x23,0xFF,0xB5,0x23,0xFF,0xB5,0x23,0xFF,0xB5,0x23,0xFF,0xB5,0x23,0xFF,0xB5,0x23,0xFF,0xB5,0x23,0xFF,0xB5,0x23,0xFF,0xB5,0x23,0xFF,0xB5,0x23,0xFF,0xB5,0x23,0xFF,0x95,0x1B,0xFF,0x57,0x44,0xFF,0x75,0x13,0xFF,0x77,0x4C,0xFF,
    0xFF,0xFF,0xFF,0xF8,0x6C,0xFF,0xDF,0xFF,0xFF,0xF8,0x6C,0xFF,0x9E,0xEF,0xFF,0x3B,0xA6,0xFF,0x75,0x1B,0xFF,0x55,0x13,0xFF,0x55,0x13,0xFF,0x54,0x13,0xFF,0x55,0x13,0xFF,0x55,0x13,0xFF,0x54,0x13,0xFF,0x54,0x13,0xFF,0x54,0x13,0xFF,0x55,0x13,0xFF,
    0x55,0x13,0xFF,0x55,0x13,0xFF,0x55,0x13,0xFF,0x54,0x13,0xFF,0x54,0x13,0xFF,0x55,0x13,0xFF,0x55,0x13,0xFF,0x54,0x13,0xFF,0x54,0x13,0xFF,0x54,0x13,0xFF,0x55,0x13,0xFF,0x54,0x13,0xFF,0x54,0x13,0xFF,0x55,0x13,0xFF,0x55,0x13,0xFF,0x54,0x13,0xFF,
    0x54,0x13,0xFF,0x54,0x13,0xFF,0x54,0x13,0xFF,0x55,0x13,0xFF,0x35,0x13,0xFF,0x55,0x13,0xFF,0x55,0x13,0xFF,0x55,0x13,0xFF,0x55,0x13,0xFF,0x55,0x13,0xFF,0x55,0x13,0xFF,0x55,0x13,0xFF,0x55,0x13,0xFF,0x55,0x13,0xFF,0x55,0x13,0xFF,0x35,0x13,0xFF,
    0x34,0x13,0xFF,0x35,0x13,0xFF,0x35,0x13,0xFF,0x35,0x13,0xFF,0x55,0x13,0xFF,0x55,0x13,0xFF,0x55,0x13,0xFF,0x35,0x13,0xFF,0x55,0x13,0xFF,0x35,0x13,0xFF,0x55,0x13,0xFF,0x55,0x13,0xFF,0x55,0x13,0xFF,0x55,0x13,0xFF,0x55,0x13,0xFF,0x55,0x13,0xFF,
    0x55,0x13,0xFF,0x55,0x13,0xFF,0x55,0x13,0xFF,0x55,0x13,0xFF,0x35,0x13,0xFF,0x35,0x13,0xFF,0x55,0x13,0xFF,0x55,0x13,0xFF,0x54,0x13,0xFF,0x54,0x13,0xFF,0x55,0x13,0xFF,0x55,0x13,0xFF,0x54,0x13,0xFF,0x54,0x13,0xFF,0x54,0x13,0xFF,0x54,0x13,0xFF,
    0x54,0x13,0xFF,0x55,0x13,0xFF,0x55,0x13,0xFF,0x55,0x13,0xFF,0x35,0x13,0xFF,0x34,0x13,0xFF,0x35,0x13,0xFF,0x35,0x13,0xFF,0x35,0x13,0xFF,0x35,0x13,0xFF,0x55,0x13,0xFF,0x55,0x13,0xFF,0x35,0x13,0xFF,0x34,0x13,0xFF,0x34,0x13,0xFF,0x35,0x13,0xFF,
    0x35,0x13,0xFF,0x55,0x13,0xFF,0x55,0x13,0xFF,0x55,0x13,0xFF,0x55,0x13,0xFF,0x35,0x13,0xFF,0x34,0x13,0xFF,0x55,0x13,0xFF,0x55,0x13,0xFF,0x35,0x13,0xFF,0x35,0x13,0xFF,0x55,0x13,0xFF,0x55,0x13,0xFF,0x55,0x13,0xFF,0x55,0x13,0xFF,0x54,0x13,0xFF,
    0x54,0x13,0xFF,0x54,0x13,0xFF,0x54,0x13,0xFF,0x55,0x13,0xFF,0x54,0x13,0xFF,0x54,0x13,0xFF,0x54,0x13,0xFF,0x55,0x13,0xFF,0x35,0x13,0xFF,0x55,0x13,0xFF,0x55,0x13,0xFF,0x35,0x13,0xFF,0x55,0x13,0xFF,0x54,0x13,0xFF,0x55,0x13,0xFF,0x34,0x0B,0xFF,
    0x36,0x3C,0xFF,0xDF,0xF7,0xFF,0xFA,0x95,0xFF,0xFA,0x9D,0xFF,0xFF,0xFF,0xFF,0x1D,0xD7,0xFF,0xF7,0x64,0xFF,0xBF,0xEF,0xFF,0x5E,0xDF,0xFF,0xBA,0x8D,0xFF,0x79,0x7D,0xFF,0x79,0x7D,0xFF,0x79,0x7D,0xFF,0x79,0x7D,0xFF,0x79,0x7D,0xFF,0x79,0x7D,0xFF,
    0x79,0x7D,0xFF,0x79,0x7D,0xFF,0x79,0x7D,0xFF,0x79,0x7D,0xFF,0x79,0x7D,0xFF,0x79,0x7D,0xFF,0x79,0x7D,0xFF,0x79,0x7D,0xFF,0x79,0x7D,0xFF,0x79,0x7D,0xFF,0x79,0x7D,0xFF,0x79,0x7D,0xFF,0x79,0x7D,0xFF,0x79,0x7D,0xFF,0x79,0x7D,0xFF,0x79,0x7D,0xFF,
    0x79,0x7D,0xFF,0x79,0x7D,0xFF,0x79,0x7D,0xFF,0x79,0x7D,0xFF,0x79,0x7D,0xFF,0x79,0x7D,0xFF,0x79,0x7D,0xFF,0x79,0x7D,0xFF,0x79,0x7D,0xFF,0x79,0x7D,0xFF,0x79,0x7D,0xFF,0x79,0x7D,0xFF,0x79,0x7D,0xFF,0x79,0x7D,0xFF,0x79,0x7D,0xFF,0x79,0x7D,0xFF,
    0x79,0x7D,0xFF,0x79,0x7D,0xFF,0x79,0x7D,0xFF,0x79,0x7D,0xFF,0x79,0x7D,0xFF,0x79,0x7D,0xFF,0x79,0x7D,0xFF,0x79,0x7D,0xFF,0x79,0x7D,0xFF,0x79,0x7D,0xFF,0x79,0x7D,0xFF,0x79,0x7D,0xFF,0x79,0x7D,0xFF,0x79,0x7D,0xFF,0x79,0x7D,0xFF,0x79,0x7D,0xFF,
    0x79,0x7D,0xFF,0x79,0x7D,0xFF,0x79,0x7D,0xFF,0x79,0x7D,0xFF,0x79,0x7D,0xFF,0x79,0x7D,0xFF,0x79,0x7D,0xFF,0x79,0x7D,0xFF,0x79,0x7D,0xFF,0x79,0x7D,0xFF,0x79,0x7D,0xFF,0x79,0x7D,0xFF,0x79,0x7D,0xFF,0x79,0x7D,0xFF,0x79,0x7D,0xFF,0x79,0x7D,0xFF,
    0x79,0x7D,0xFF,0x79,0x7D,0xFF,0x79,0x7D,0xFF,0x79,0x7D,0xFF,0x79,0x7D,0xFF,0x79,0x7D,0xFF,0x79,0x7D,0xFF,0x79,0x7D,0xFF,0x79,0x7D,0xFF,0x79,0x7D,0xFF,0x79,0x7D,0xFF,0x79,0x7D,0xFF,0x79,0x7D,0xFF,0x79,0x7D,0xFF,0x79,0x7D,0xFF,0x79,0x7D,0xFF,
    0x79,0x7D,0xFF,0x79,0x7D,0xFF,0x79,0x7D,0xFF,0x79,0x7D,0xFF,0x79,0x7D,0xFF,0x79,0x7D,0xFF,0x79,0x7D,0xFF,0x79,0x7D,0xFF,0x79,0x7D,0xFF,0x79,0x7D,0xFF,0x79,0x7D,0xFF,0x79,0x7D,0xFF,0x79,0x7D,0xFF,0x79,0x7D,0xFF,0x79,0x7D,0xFF,0x79,0x7D,0xFF,
    0x79,0x7D,0xFF,0x79,0x7D,0xFF,0x79,0x7D,0xFF,0x79,0x7D,0xFF,0x79,0x7D,0xFF,0x79,0x7D,0xFF,0x79,0x7D,0xFF,0x79,0x7D,0xFF,0x79,0x7D,0xFF,0x79,0x7D,0xFF,0x79,0x7D,0xFF,0x79,0x7D,0xFF,0x79,0x7D,0xFF,0x79,0x7D,0xFF,0x79,0x7D,0xFF,0x79,0x85,0xFF,
    0x79,0x85,0xFF,0x5B,0xAE,0xFF,0xFF,0xFF,0xFF,0x5B,0xAE,0xFF,0x38,0x7D,0xFF,0xFF,0xFF,0xFF,0xFF,0xFF,0xFF,0xFF,0xFF,0xFF,0xDC,0xC6,0xFF,0x97,0x54,0xFF,0xBC,0xBE,0xFF,0xFF,0xFF,0xFF,0xFF,0xFF,0xFF,0xFF,0xFF,0xFF,0xFF,0xFF,0xFF,0xFF,0xFF,0xFF,
    0xFF,0xFF,0xFF,0xFF,0xFF,0xFF,0xFF,0xFF,0xFF,0xFF,0xFF,0xFF,0xFF,0xFF,0xFF,0xFF,0xFF,0xFF,0xFF,0xFF,0xFF,0xFF,0xFF,0xFF,0xFF,0xFF,0xFF,0xFF,0xFF,0xFF,0xFF,0xFF,0xFF,0xFF,0xFF,0xFF,0xFF,0xFF,0xFF,0xFF,0xFF,0xFF,0xFF,0xFF,0xFF,0xFF,0xFF,0xFF,
    0xFF,0xFF,0xFF,0xFF,0xFF,0xFF,0xFF,0xFF,0xFF,0xFF,0xFF,0xFF,0xFF,0xFF,0xFF,0xFF,0xFF,0xFF,0xFF,0xFF,0xFF,0xFF,0xFF,0xFF,0xFF,0xFF,0xFF,0xFF,0xFF,0xFF,0xFF,0xFF,0xFF,0xFF,0xFF,0xFF,0xFF,0xFF,0xFF,0xFF,0xFF,0xFF,0xFF,0xFF,0xFF,0xFF,0xFF,0xFF,
    0xFF,0xFF,0xFF,0xFF,0xFF,0xFF,0xFF,0xFF,0xFF,0xFF,0xFF,0xFF,0xFF,0xFF,0xFF,0xFF,0xFF,0xFF,0xFF,0xFF,0xFF,0xFF,0xFF,0xFF,0xFF,0xFF,0xFF,0xFF,0xFF,0xFF,0xFF,0xFF,0xFF,0xFF,0xFF,0xFF,0xFF,0xFF,0xFF,0xFF,0xFF,0xFF,0xFF,0xFF,0xFF,0xFF,0xFF,0xFF,
    0xFF,0xFF,0xFF,0xFF,0xFF,0xFF,0xFF,0xFF,0xFF,0xFF,0xFF,0xFF,0xFF,0xFF,0xFF,0xFF,0xFF,0xFF,0xFF,0xFF,0xFF,0xFF,0xFF,0xFF,0xFF,0xFF,0xFF,0xFF,0xFF,0xFF,0xFF,0xFF,0xFF,0xFF,0xFF,0xFF,0xFF,0xFF,0xFF,0xFF,0xFF,0xFF,0xFF,0xFF,0xFF,0xFF,0xFF,0xFF,
    0xFF,0xFF,0xFF,0xFF,0xFF,0xFF,0xFF,0xFF,0xFF,0xFF,0xFF,0xFF,0xFF,0xFF,0xFF,0xFF,0xFF,0xFF,0xFF,0xFF,0xFF,0xFF,0xFF,0xFF,0xFF,0xFF,0xFF,0xFF,0xFF,0xFF,0xFF,0xFF,0xFF,0xFF,0xFF,0xFF,0xFF,0xFF,0xFF,0xFF,0xFF,0xFF,0xFF,0xFF,0xFF,0xFF,0xFF,0xFF,
    0xFF,0xFF,0xFF,0xFF,0xFF,0xFF,0xFF,0xFF,0xFF,0xFF,0xFF,0xFF,0xFF,0xFF,0xFF,0xFF,0xFF,0xFF,0xFF,0xFF,0xFF,0xFF,0xFF,0xFF,0xFF,0xFF,0xFF,0xFF,0xFF,0xFF,0xFF,0xFF,0xFF,0xFF,0xFF,0xFF,0xFF,0xFF,0xFF,0xFF,0xFF,0xFF,0xFF,0xFF,0xFF,0xFF,0xFF,0xFF,
    0xFF,0xFF,0xFF,0xFF,0xFF,0xFF,0xFF,0xFF,0xFF,0xFF,0xFF,0xFF,0xFF,0xFF,0xFF,0xFF,0xFF,0xFF,0xFF,0xFF,0xFF,0xFF,0xFF,0xFF,0xFF,0xFF,0xFF,0xFF,0xFF,0xFF,0xFF,0xFF,0xFF,0xFF,0xFF,0xFF,0xFF,0xFF,0xFF,0xFF,0xFF,0xFF,0xFF,0xFF,0xFF,0xFF,0xFF,0xFF,
    0xFF,0xFF,0xFF,0xFF,0xFF,0xFF,0xFF,0xFF,0xFF,0xBE,0xEF,0xFF,0x79,0x85,0xFF,0x18,0x6D,0xFF,0xDF,0xFF,0xFF,0xFF,0xFF,0xFF
};

const lv_img_dsc_t ui_img_auto_air_png = {
    .header.always_zero = 0,
    .header.w = 130,
    .header.h = 60,
    .data_size = sizeof(ui_img_auto_air_png_data),
    .header.cf = LV_IMG_CF_TRUE_COLOR_ALPHA,
    .data = ui_img_auto_air_png_data,
};
